email,pattern,domain,consumer,flow
temp33@protonmail.com,sequential,protonmail.com,WEB,PASSWORD_RESET
ronald.martinez21@hotmail.com,name_sequential,hotmail.com,PORTAL,SIGNUP_EMAIL_VERIFY
abcdef55@outlook.com,keyboard_walk,outlook.com,API,PWDLESS_LOGIN_EMAIL
service+72@outlook.com,plus_addressing,outlook.com,PORTAL,SIGNUP_EMAIL_VERIFY
rfvtgb2025@outlook.com,keyboard_dated,outlook.com,API,PASSWORD_RESET
charles.anderson.2025@gmx.de,dated,gmx.de,OWF,SIGNUP_EMAIL_VERIFY
user21.2025@services.com,sequential_dated,services.com,API,PWDLESS_LOGIN_EMAIL
user15.2025@gmx.de,sequential_dated,gmx.de,OWF,PWDLESS_LOGIN_EMAIL
ronald.lewis68@hotmail.com,name_sequential,hotmail.com,OWF,PWDLESS_LOGIN_EMAIL
charles.anderson.2025@gmx.de,dated,gmx.de,PORTAL,PASSWORD_RESET
3ancmfjcxvmy@firm.com,gibberish,firm.com,API,SIGNUP_EMAIL_VERIFY
account072@mail.com,sequential_padded,mail.com,MOBILE,SIGNUP_EMAIL_VERIFY
ronald.torres98@hotmail.com,name_sequential,hotmail.com,WEB,PWDLESS_LOGIN_EMAIL
contact_s@agency.com,letter_sequential,agency.com,PORTAL,SIGNUP_EMAIL_VERIFY
george.nguyen+newsletter49@yahoo.com,plus_addressing_tags,yahoo.com,OWF,PASSWORD_RESET
info_4@outlook.com,variations,outlook.com,API,PWDLESS_LOGIN_EMAIL
ronald.harris41@hotmail.com,name_sequential,hotmail.com,API,SIGNUP_EMAIL_VERIFY
account081@mail.com,sequential_padded,mail.com,API,PASSWORD_RESET
george.nguyen+test23@yahoo.com,plus_addressing_tags,yahoo.com,OWF,SIGNUP_EMAIL_VERIFY
account065@mail.com,sequential_padded,mail.com,OWF,SIGNUP_EMAIL_VERIFY
1234560@outlook.com,keyboard_walk,outlook.com,OWF,SIGNUP_EMAIL_VERIFY
service+75@outlook.com,plus_addressing,outlook.com,OWF,PWDLESS_LOGIN_EMAIL
ronald.thompson27@hotmail.com,name_sequential,hotmail.com,API,PASSWORD_RESET
account066@mail.com,sequential_padded,mail.com,WEB,SIGNUP_EMAIL_VERIFY
temp31@protonmail.com,sequential,protonmail.com,PORTAL,PASSWORD_RESET
c61xjossjt4@firm.com,gibberish,firm.com,OWF,PASSWORD_RESET
234567@outlook.com,keyboard_walk,outlook.com,MOBILE,PASSWORD_RESET
yr6w0f4@company.com,gibberish_sequential,company.com,MOBILE,PWDLESS_LOGIN_EMAIL
charles_2025@gmx.de,dated,gmx.de,WEB,SIGNUP_EMAIL_VERIFY
fsdhy457jvg8i@firm.com,gibberish,firm.com,PORTAL,PWDLESS_LOGIN_EMAIL
service+14@outlook.com,plus_addressing,outlook.com,WEB,PWDLESS_LOGIN_EMAIL
z17pz943@mail.com,gibberish_sequential,mail.com,API,SIGNUP_EMAIL_VERIFY
w2i04x91@yandex.com,gibberish_sequential,yandex.com,PORTAL,PASSWORD_RESET
user6.2025@enterprise.com,sequential_dated,enterprise.com,MOBILE,SIGNUP_EMAIL_VERIFY
ybojy1yby3@firm.com,gibberish,firm.com,OWF,PWDLESS_LOGIN_EMAIL
service+85@outlook.com,plus_addressing,outlook.com,OWF,PASSWORD_RESET
temp8@protonmail.com,sequential,protonmail.com,PORTAL,SIGNUP_EMAIL_VERIFY
contact_p@agency.com,letter_sequential,agency.com,OWF,PWDLESS_LOGIN_EMAIL
2025.charles@gmx.de,dated,gmx.de,PORTAL,PASSWORD_RESET
temp16@protonmail.com,sequential,protonmail.com,OWF,SIGNUP_EMAIL_VERIFY
service+95@outlook.com,plus_addressing,outlook.com,WEB,SIGNUP_EMAIL_VERIFY
abcdef46@outlook.com,keyboard_walk,outlook.com,OWF,PASSWORD_RESET
ddq4f4fvvtm@firm.com,gibberish,firm.com,API,PASSWORD_RESET
info69_test@outlook.com,variations,outlook.com,WEB,SIGNUP_EMAIL_VERIFY
12345654@outlook.com,keyboard_walk,outlook.com,MOBILE,PWDLESS_LOGIN_EMAIL
zxd6jff3yn9fod@firm.com,gibberish,firm.com,PORTAL,PWDLESS_LOGIN_EMAIL
zxcvbn2025@consulting.com,keyboard_dated,consulting.com,API,SIGNUP_EMAIL_VERIFY
charles.anderson.2025@gmx.de,dated,gmx.de,API,SIGNUP_EMAIL_VERIFY
temp51@protonmail.com,sequential,protonmail.com,WEB,SIGNUP_EMAIL_VERIFY
info34_test@outlook.com,variations,outlook.com,WEB,SIGNUP_EMAIL_VERIFY
ronald.flores19@hotmail.com,name_sequential,hotmail.com,API,SIGNUP_EMAIL_VERIFY
temp45@protonmail.com,sequential,protonmail.com,MOBILE,PWDLESS_LOGIN_EMAIL
account057@mail.com,sequential_padded,mail.com,OWF,PWDLESS_LOGIN_EMAIL
george.nguyen+newsletter68@yahoo.com,plus_addressing_tags,yahoo.com,WEB,SIGNUP_EMAIL_VERIFY
ronald.lee66@hotmail.com,name_sequential,hotmail.com,MOBILE,SIGNUP_EMAIL_VERIFY
xm4s157lla@firm.com,gibberish,firm.com,PORTAL,SIGNUP_EMAIL_VERIFY
anderson.2025@gmx.de,dated,gmx.de,API,SIGNUP_EMAIL_VERIFY
krg8qffp@firm.com,gibberish,firm.com,API,PWDLESS_LOGIN_EMAIL
account005@mail.com,sequential_padded,mail.com,MOBILE,PASSWORD_RESET
wsxedc7@outlook.com,keyboard_walk,outlook.com,API,PWDLESS_LOGIN_EMAIL
service+25@outlook.com,plus_addressing,outlook.com,PORTAL,PASSWORD_RESET
t0g5kf52loicxf@firm.com,gibberish,firm.com,PORTAL,PASSWORD_RESET
george.nguyen+signup95@yahoo.com,plus_addressing_tags,yahoo.com,OWF,SIGNUP_EMAIL_VERIFY
zxcvbn2025@agency.com,keyboard_dated,agency.com,API,PASSWORD_RESET
abcdef2025@icloud.com,keyboard_dated,icloud.com,PORTAL,SIGNUP_EMAIL_VERIFY
abcdef92@outlook.com,keyboard_walk,outlook.com,OWF,SIGNUP_EMAIL_VERIFY
service+40@outlook.com,plus_addressing,outlook.com,PORTAL,SIGNUP_EMAIL_VERIFY
george.nguyen+signup89@yahoo.com,plus_addressing_tags,yahoo.com,WEB,PASSWORD_RESET
temp9@protonmail.com,sequential,protonmail.com,MOBILE,PWDLESS_LOGIN_EMAIL
account061@mail.com,sequential_padded,mail.com,WEB,SIGNUP_EMAIL_VERIFY
info-92@outlook.com,variations,outlook.com,OWF,PWDLESS_LOGIN_EMAIL
fedcba@outlook.com,keyboard_walk,outlook.com,WEB,PASSWORD_RESET
ronald.rodriguez23@hotmail.com,name_sequential,hotmail.com,WEB,PWDLESS_LOGIN_EMAIL
4ko3r217jyafb@firm.com,gibberish,firm.com,WEB,PASSWORD_RESET
temp93@protonmail.com,sequential,protonmail.com,WEB,PWDLESS_LOGIN_EMAIL
qwerty33@outlook.com,keyboard_walk,outlook.com,OWF,PWDLESS_LOGIN_EMAIL
temp46@protonmail.com,sequential,protonmail.com,WEB,SIGNUP_EMAIL_VERIFY
anderson.2025@gmx.de,dated,gmx.de,PORTAL,PASSWORD_RESET
asdfgh@outlook.com,keyboard_walk,outlook.com,OWF,PASSWORD_RESET
user24.2025@icloud.com,sequential_dated,icloud.com,PORTAL,PWDLESS_LOGIN_EMAIL
service+56@outlook.com,plus_addressing,outlook.com,API,PASSWORD_RESET
account008@mail.com,sequential_padded,mail.com,WEB,SIGNUP_EMAIL_VERIFY
temp59@protonmail.com,sequential,protonmail.com,API,SIGNUP_EMAIL_VERIFY
george.nguyen+temp64@yahoo.com,plus_addressing_tags,yahoo.com,API,PWDLESS_LOGIN_EMAIL
p7quhkrmv2vsd@firm.com,gibberish,firm.com,WEB,SIGNUP_EMAIL_VERIFY
345678@outlook.com,keyboard_walk,outlook.com,WEB,PWDLESS_LOGIN_EMAIL
account036@mail.com,sequential_padded,mail.com,MOBILE,PWDLESS_LOGIN_EMAIL
temp82@protonmail.com,sequential,protonmail.com,MOBILE,SIGNUP_EMAIL_VERIFY
george.nguyen+promo5@yahoo.com,plus_addressing_tags,yahoo.com,WEB,PWDLESS_LOGIN_EMAIL
account042@mail.com,sequential_padded,mail.com,WEB,PASSWORD_RESET
george.nguyen+promo69@yahoo.com,plus_addressing_tags,yahoo.com,PORTAL,PASSWORD_RESET
zxcvbn2025@icloud.com,keyboard_dated,icloud.com,OWF,SIGNUP_EMAIL_VERIFY
account062@mail.com,sequential_padded,mail.com,PORTAL,PWDLESS_LOGIN_EMAIL
account092@mail.com,sequential_padded,mail.com,MOBILE,SIGNUP_EMAIL_VERIFY
2025.charles@gmx.de,dated,gmx.de,MOBILE,PWDLESS_LOGIN_EMAIL
service+83@outlook.com,plus_addressing,outlook.com,PORTAL,PASSWORD_RESET
ronald.robinson35@hotmail.com,name_sequential,hotmail.com,MOBILE,PWDLESS_LOGIN_EMAIL
23456765@outlook.com,keyboard_walk,outlook.com,OWF,SIGNUP_EMAIL_VERIFY
temp96@protonmail.com,sequential,protonmail.com,WEB,PASSWORD_RESET
nlc8m1xp@firm.com,gibberish,firm.com,API,SIGNUP_EMAIL_VERIFY
george.nguyen+signup22@yahoo.com,plus_addressing_tags,yahoo.com,OWF,PWDLESS_LOGIN_EMAIL
service+43@outlook.com,plus_addressing,outlook.com,API,PWDLESS_LOGIN_EMAIL
charles2025@gmx.de,dated,gmx.de,WEB,SIGNUP_EMAIL_VERIFY
account021@mail.com,sequential_padded,mail.com,PORTAL,PASSWORD_RESET
ronald.anderson17@hotmail.com,name_sequential,hotmail.com,OWF,PWDLESS_LOGIN_EMAIL
sguqvt67sfai@firm.com,gibberish,firm.com,API,PASSWORD_RESET
info40_test@outlook.com,variations,outlook.com,WEB,SIGNUP_EMAIL_VERIFY
account018@mail.com,sequential_padded,mail.com,API,SIGNUP_EMAIL_VERIFY
george.nguyen+newsletter29@yahoo.com,plus_addressing_tags,yahoo.com,MOBILE,PASSWORD_RESET
ronald.robinson77@hotmail.com,name_sequential,hotmail.com,PORTAL,SIGNUP_EMAIL_VERIFY
nye6519zw@firm.com,gibberish,firm.com,MOBILE,PASSWORD_RESET
66_info@outlook.com,variations,outlook.com,OWF,SIGNUP_EMAIL_VERIFY
ronald.white99@hotmail.com,name_sequential,hotmail.com,WEB,PWDLESS_LOGIN_EMAIL
info_89@outlook.com,variations,outlook.com,MOBILE,PASSWORD_RESET
contact_o@agency.com,letter_sequential,agency.com,API,PWDLESS_LOGIN_EMAIL
service+77@outlook.com,plus_addressing,outlook.com,API,SIGNUP_EMAIL_VERIFY
23456787@outlook.com,keyboard_walk,outlook.com,WEB,SIGNUP_EMAIL_VERIFY
ronald.flores22@hotmail.com,name_sequential,hotmail.com,MOBILE,PWDLESS_LOGIN_EMAIL
info.84@outlook.com,variations,outlook.com,WEB,SIGNUP_EMAIL_VERIFY
4xhmb00eze67x@firm.com,gibberish,firm.com,WEB,PASSWORD_RESET
service+80@outlook.com,plus_addressing,outlook.com,MOBILE,PASSWORD_RESET
ronald.white51@hotmail.com,name_sequential,hotmail.com,OWF,PASSWORD_RESET
rfvtgb2025@yahoo.com,keyboard_dated,yahoo.com,MOBILE,PASSWORD_RESET
qazwsx2025@yahoo.com,keyboard_dated,yahoo.com,WEB,PWDLESS_LOGIN_EMAIL
anderson.2025@gmx.de,dated,gmx.de,MOBILE,PASSWORD_RESET
km5y2w85@aol.com,gibberish_sequential,aol.com,OWF,PASSWORD_RESET
temp3@protonmail.com,sequential,protonmail.com,MOBILE,SIGNUP_EMAIL_VERIFY
account030@mail.com,sequential_padded,mail.com,MOBILE,PASSWORD_RESET
user75.2025@gmx.com,sequential_dated,gmx.com,API,PASSWORD_RESET
rfvtgb@outlook.com,keyboard_walk,outlook.com,API,PASSWORD_RESET
george.nguyen+newsletter48@yahoo.com,plus_addressing_tags,yahoo.com,MOBILE,PWDLESS_LOGIN_EMAIL
ftfn2khk@firm.com,gibberish,firm.com,WEB,SIGNUP_EMAIL_VERIFY
345678@outlook.com,keyboard_walk,outlook.com,PORTAL,PASSWORD_RESET
info-46@outlook.com,variations,outlook.com,PORTAL,SIGNUP_EMAIL_VERIFY
ronald.sanchez96@hotmail.com,name_sequential,hotmail.com,WEB,PWDLESS_LOGIN_EMAIL
service+31@outlook.com,plus_addressing,outlook.com,OWF,SIGNUP_EMAIL_VERIFY
user93.2025@enterprise.com,sequential_dated,enterprise.com,WEB,PASSWORD_RESET
temp11@protonmail.com,sequential,protonmail.com,API,SIGNUP_EMAIL_VERIFY
george.nguyen+test66@yahoo.com,plus_addressing_tags,yahoo.com,API,PWDLESS_LOGIN_EMAIL
rfvtgb@outlook.com,keyboard_walk,outlook.com,WEB,PWDLESS_LOGIN_EMAIL
info59_test@outlook.com,variations,outlook.com,API,PWDLESS_LOGIN_EMAIL
info83_test@outlook.com,variations,outlook.com,PORTAL,PASSWORD_RESET
service+33@outlook.com,plus_addressing,outlook.com,OWF,PWDLESS_LOGIN_EMAIL
ronald.hill5@hotmail.com,name_sequential,hotmail.com,API,SIGNUP_EMAIL_VERIFY
2025.charles@gmx.de,dated,gmx.de,API,SIGNUP_EMAIL_VERIFY
ronald.torres80@hotmail.com,name_sequential,hotmail.com,MOBILE,PASSWORD_RESET
george.nguyen+test8@yahoo.com,plus_addressing_tags,yahoo.com,API,PASSWORD_RESET
info-15@outlook.com,variations,outlook.com,API,PASSWORD_RESET
charles.anderson.2025@gmx.de,dated,gmx.de,MOBILE,SIGNUP_EMAIL_VERIFY
ronald.jones57@hotmail.com,name_sequential,hotmail.com,WEB,SIGNUP_EMAIL_VERIFY
temp81@protonmail.com,sequential,protonmail.com,MOBILE,SIGNUP_EMAIL_VERIFY
service+36@outlook.com,plus_addressing,outlook.com,OWF,PASSWORD_RESET
ronald.ramirez95@hotmail.com,name_sequential,hotmail.com,API,PWDLESS_LOGIN_EMAIL
charles.2025@gmx.de,dated,gmx.de,MOBILE,SIGNUP_EMAIL_VERIFY
info-45@outlook.com,variations,outlook.com,MOBILE,PWDLESS_LOGIN_EMAIL
info20_test@outlook.com,variations,outlook.com,MOBILE,PWDLESS_LOGIN_EMAIL
service+99@outlook.com,plus_addressing,outlook.com,API,PWDLESS_LOGIN_EMAIL
account025@mail.com,sequential_padded,mail.com,OWF,SIGNUP_EMAIL_VERIFY
contact_x@agency.com,letter_sequential,agency.com,PORTAL,PASSWORD_RESET
asdfgh46@outlook.com,keyboard_walk,outlook.com,OWF,PWDLESS_LOGIN_EMAIL
charles.2025@gmx.de,dated,gmx.de,API,PWDLESS_LOGIN_EMAIL
info.51@outlook.com,variations,outlook.com,PORTAL,PWDLESS_LOGIN_EMAIL
28_info@outlook.com,variations,outlook.com,OWF,PWDLESS_LOGIN_EMAIL
george.nguyen+trial78@yahoo.com,plus_addressing_tags,yahoo.com,OWF,SIGNUP_EMAIL_VERIFY
user81.2025@gmx.com,sequential_dated,gmx.com,MOBILE,SIGNUP_EMAIL_VERIFY
temp36@protonmail.com,sequential,protonmail.com,API,PWDLESS_LOGIN_EMAIL
service+28@outlook.com,plus_addressing,outlook.com,WEB,SIGNUP_EMAIL_VERIFY
1ndcbmsth7gb@firm.com,gibberish,firm.com,OWF,PWDLESS_LOGIN_EMAIL
george.nguyen+trial59@yahoo.com,plus_addressing_tags,yahoo.com,MOBILE,PASSWORD_RESET
wsxedc@outlook.com,keyboard_walk,outlook.com,WEB,PWDLESS_LOGIN_EMAIL
2345672025@icloud.com,keyboard_dated,icloud.com,WEB,SIGNUP_EMAIL_VERIFY
temp77@protonmail.com,sequential,protonmail.com,API,SIGNUP_EMAIL_VERIFY
george.nguyen+spam9@yahoo.com,plus_addressing_tags,yahoo.com,PORTAL,PASSWORD_RESET
account041@mail.com,sequential_padded,mail.com,MOBILE,PWDLESS_LOGIN_EMAIL
service+68@outlook.com,plus_addressing,outlook.com,WEB,SIGNUP_EMAIL_VERIFY
info.80@outlook.com,variations,outlook.com,PORTAL,PASSWORD_RESET
34567853@outlook.com,keyboard_walk,outlook.com,API,PASSWORD_RESET
qazwsx86@outlook.com,keyboard_walk,outlook.com,WEB,SIGNUP_EMAIL_VERIFY
temp92@protonmail.com,sequential,protonmail.com,WEB,PWDLESS_LOGIN_EMAIL
account093@mail.com,sequential_padded,mail.com,PORTAL,SIGNUP_EMAIL_VERIFY
ronald.williams63@hotmail.com,name_sequential,hotmail.com,PORTAL,SIGNUP_EMAIL_VERIFY
charles2025@gmx.de,dated,gmx.de,PORTAL,PWDLESS_LOGIN_EMAIL
ezzq7oty@firm.com,gibberish,firm.com,API,PWDLESS_LOGIN_EMAIL
anderson.2025@gmx.de,dated,gmx.de,PORTAL,PWDLESS_LOGIN_EMAIL
service+79@outlook.com,plus_addressing,outlook.com,API,SIGNUP_EMAIL_VERIFY
9d2mns64@startup.io,gibberish_sequential,startup.io,MOBILE,PWDLESS_LOGIN_EMAIL
account007@mail.com,sequential_padded,mail.com,OWF,PASSWORD_RESET
service+71@outlook.com,plus_addressing,outlook.com,PORTAL,SIGNUP_EMAIL_VERIFY
ronald.miller26@hotmail.com,name_sequential,hotmail.com,WEB,PWDLESS_LOGIN_EMAIL
wsxedc82@outlook.com,keyboard_walk,outlook.com,OWF,PWDLESS_LOGIN_EMAIL
nd9s16a3kxsgwei@firm.com,gibberish,firm.com,API,PWDLESS_LOGIN_EMAIL
abcdef91@outlook.com,keyboard_walk,outlook.com,API,PASSWORD_RESET
ronald.rodriguez29@hotmail.com,name_sequential,hotmail.com,WEB,SIGNUP_EMAIL_VERIFY
7r1j3tquwck6fj@firm.com,gibberish,firm.com,API,PWDLESS_LOGIN_EMAIL
george.nguyen+promo44@yahoo.com,plus_addressing_tags,yahoo.com,PORTAL,SIGNUP_EMAIL_VERIFY
gmmzer7s6mi2@firm.com,gibberish,firm.com,MOBILE,PASSWORD_RESET
charles_2025@gmx.de,dated,gmx.de,MOBILE,PASSWORD_RESET
odwywf76@aol.com,gibberish_sequential,aol.com,MOBILE,PWDLESS_LOGIN_EMAIL
account032@mail.com,sequential_padded,mail.com,API,SIGNUP_EMAIL_VERIFY
71_info@outlook.com,variations,outlook.com,OWF,PASSWORD_RESET
charles_2025@gmx.de,dated,gmx.de,MOBILE,PASSWORD_RESET
info-14@outlook.com,variations,outlook.com,WEB,PWDLESS_LOGIN_EMAIL
info.85@outlook.com,variations,outlook.com,MOBILE,PASSWORD_RESET
k7vvb1cij8735g@firm.com,gibberish,firm.com,WEB,PWDLESS_LOGIN_EMAIL
anderson.2025@gmx.de,dated,gmx.de,PORTAL,SIGNUP_EMAIL_VERIFY
8_info@outlook.com,variations,outlook.com,OWF,SIGNUP_EMAIL_VERIFY
charles.2025@gmx.de,dated,gmx.de,OWF,SIGNUP_EMAIL_VERIFY
temp69@protonmail.com,sequential,protonmail.com,PORTAL,SIGNUP_EMAIL_VERIFY
zrm4om4no26t@firm.com,gibberish,firm.com,PORTAL,PWDLESS_LOGIN_EMAIL
ronald.perez39@hotmail.com,name_sequential,hotmail.com,PORTAL,PASSWORD_RESET
george.nguyen+spam13@yahoo.com,plus_addressing_tags,yahoo.com,API,PASSWORD_RESET
george.nguyen+newsletter30@yahoo.com,plus_addressing_tags,yahoo.com,OWF,PWDLESS_LOGIN_EMAIL
ronald.martin83@hotmail.com,name_sequential,hotmail.com,API,PWDLESS_LOGIN_EMAIL
2025.charles@gmx.de,dated,gmx.de,API,PASSWORD_RESET
george.nguyen+newsletter32@yahoo.com,plus_addressing_tags,yahoo.com,WEB,PWDLESS_LOGIN_EMAIL
account082@mail.com,sequential_padded,mail.com,PORTAL,PWDLESS_LOGIN_EMAIL
george.nguyen+test31@yahoo.com,plus_addressing_tags,yahoo.com,MOBILE,PASSWORD_RESET
george.nguyen+promo70@yahoo.com,plus_addressing_tags,yahoo.com,MOBILE,PWDLESS_LOGIN_EMAIL
ronald.martinez13@hotmail.com,name_sequential,hotmail.com,WEB,PWDLESS_LOGIN_EMAIL
zxcvbn@outlook.com,keyboard_walk,outlook.com,OWF,SIGNUP_EMAIL_VERIFY
2025.charles@gmx.de,dated,gmx.de,API,PWDLESS_LOGIN_EMAIL
george.nguyen+spam35@yahoo.com,plus_addressing_tags,yahoo.com,API,PWDLESS_LOGIN_EMAIL
temp4@protonmail.com,sequential,protonmail.com,API,PWDLESS_LOGIN_EMAIL
abcdef36@outlook.com,keyboard_walk,outlook.com,WEB,PASSWORD_RESET
george.nguyen+test0@yahoo.com,plus_addressing_tags,yahoo.com,MOBILE,PASSWORD_RESET
jfkqkkowcpb3h@firm.com,gibberish,firm.com,OWF,PWDLESS_LOGIN_EMAIL
rfvtgb41@outlook.com,keyboard_walk,outlook.com,MOBILE,PWDLESS_LOGIN_EMAIL
charles.2025@gmx.de,dated,gmx.de,OWF,PWDLESS_LOGIN_EMAIL
george.nguyen+signup11@yahoo.com,plus_addressing_tags,yahoo.com,OWF,PWDLESS_LOGIN_EMAIL
charles2025@gmx.de,dated,gmx.de,WEB,SIGNUP_EMAIL_VERIFY
service+6@outlook.com,plus_addressing,outlook.com,MOBILE,PASSWORD_RESET
a77ipr3md81ug7w@firm.com,gibberish,firm.com,API,PASSWORD_RESET
contact_c@agency.com,letter_sequential,agency.com,WEB,PWDLESS_LOGIN_EMAIL
charles2025@gmx.de,dated,gmx.de,PORTAL,PASSWORD_RESET
abcdef@outlook.com,keyboard_walk,outlook.com,WEB,PWDLESS_LOGIN_EMAIL
info-70@outlook.com,variations,outlook.com,WEB,PWDLESS_LOGIN_EMAIL
account026@mail.com,sequential_padded,mail.com,WEB,PASSWORD_RESET
1pbs9mr93dlvi@firm.com,gibberish,firm.com,PORTAL,PASSWORD_RESET
abcdef2025@hotmail.com,keyboard_dated,hotmail.com,MOBILE,SIGNUP_EMAIL_VERIFY
info-73@outlook.com,variations,outlook.com,OWF,PASSWORD_RESET
temp39@protonmail.com,sequential,protonmail.com,API,PWDLESS_LOGIN_EMAIL
service+54@outlook.com,plus_addressing,outlook.com,WEB,PWDLESS_LOGIN_EMAIL
wfbmxygs4dv0lbt@firm.com,gibberish,firm.com,WEB,PASSWORD_RESET
charles2025@gmx.de,dated,gmx.de,MOBILE,PWDLESS_LOGIN_EMAIL
23456772@outlook.com,keyboard_walk,outlook.com,PORTAL,SIGNUP_EMAIL_VERIFY
temp21@protonmail.com,sequential,protonmail.com,WEB,PASSWORD_RESET
user84.2025@outlook.com,sequential_dated,outlook.com,API,PWDLESS_LOGIN_EMAIL
temp24@protonmail.com,sequential,protonmail.com,WEB,SIGNUP_EMAIL_VERIFY
charles2025@gmx.de,dated,gmx.de,PORTAL,PWDLESS_LOGIN_EMAIL
george.nguyen+temp21@yahoo.com,plus_addressing_tags,yahoo.com,MOBILE,PASSWORD_RESET
info.43@outlook.com,variations,outlook.com,MOBILE,PWDLESS_LOGIN_EMAIL
anderson.2025@gmx.de,dated,gmx.de,MOBILE,SIGNUP_EMAIL_VERIFY
account058@mail.com,sequential_padded,mail.com,OWF,SIGNUP_EMAIL_VERIFY
2025.charles@gmx.de,dated,gmx.de,MOBILE,PASSWORD_RESET
2025.charles@gmx.de,dated,gmx.de,API,PASSWORD_RESET
george.nguyen+promo12@yahoo.com,plus_addressing_tags,yahoo.com,PORTAL,PWDLESS_LOGIN_EMAIL
charles_2025@gmx.de,dated,gmx.de,API,PWDLESS_LOGIN_EMAIL
info2_test@outlook.com,variations,outlook.com,OWF,PWDLESS_LOGIN_EMAIL
george.nguyen+test28@yahoo.com,plus_addressing_tags,yahoo.com,API,PASSWORD_RESET
contact_l@agency.com,letter_sequential,agency.com,PORTAL,SIGNUP_EMAIL_VERIFY
zxcvbn62@outlook.com,keyboard_walk,outlook.com,API,PASSWORD_RESET
temp72@protonmail.com,sequential,protonmail.com,PORTAL,PASSWORD_RESET
ronald.allen56@hotmail.com,name_sequential,hotmail.com,OWF,SIGNUP_EMAIL_VERIFY
1a032xgjozz2@firm.com,gibberish,firm.com,WEB,PASSWORD_RESET
qazwsx@outlook.com,keyboard_walk,outlook.com,API,SIGNUP_EMAIL_VERIFY
r6a3c995@firm.com,gibberish,firm.com,OWF,PASSWORD_RESET
bui9x5wy8w@firm.com,gibberish,firm.com,API,PWDLESS_LOGIN_EMAIL
info-49@outlook.com,variations,outlook.com,OWF,SIGNUP_EMAIL_VERIFY
info_5@outlook.com,variations,outlook.com,PORTAL,SIGNUP_EMAIL_VERIFY
george.nguyen+temp56@yahoo.com,plus_addressing_tags,yahoo.com,API,SIGNUP_EMAIL_VERIFY
account085@mail.com,sequential_padded,mail.com,WEB,PASSWORD_RESET
asdfgh@outlook.com,keyboard_walk,outlook.com,OWF,SIGNUP_EMAIL_VERIFY
temp99@protonmail.com,sequential,protonmail.com,PORTAL,PWDLESS_LOGIN_EMAIL
rehb9aa9xqaqmwt@firm.com,gibberish,firm.com,OWF,PASSWORD_RESET
pr1gnqvydcjjd@firm.com,gibberish,firm.com,OWF,PWDLESS_LOGIN_EMAIL
temp25@protonmail.com,sequential,protonmail.com,API,PWDLESS_LOGIN_EMAIL
service+12@outlook.com,plus_addressing,outlook.com,WEB,PASSWORD_RESET
gog7b9j3crzk8n@firm.com,gibberish,firm.com,PORTAL,SIGNUP_EMAIL_VERIFY
george.nguyen+newsletter26@yahoo.com,plus_addressing_tags,yahoo.com,OWF,PASSWORD_RESET
info-53@outlook.com,variations,outlook.com,API,SIGNUP_EMAIL_VERIFY
xs8h9p46@gmx.de,gibberish_sequential,gmx.de,PORTAL,PWDLESS_LOGIN_EMAIL
temp42@protonmail.com,sequential,protonmail.com,OWF,PASSWORD_RESET
account048@mail.com,sequential_padded,mail.com,PORTAL,PASSWORD_RESET
george.nguyen+promo16@yahoo.com,plus_addressing_tags,yahoo.com,WEB,PWDLESS_LOGIN_EMAIL
temp44@protonmail.com,sequential,protonmail.com,API,SIGNUP_EMAIL_VERIFY
p6s0bv55@tech.com,gibberish_sequential,tech.com,MOBILE,PASSWORD_RESET
ronald.davis59@hotmail.com,name_sequential,hotmail.com,API,PWDLESS_LOGIN_EMAIL
account059@mail.com,sequential_padded,mail.com,PORTAL,PASSWORD_RESET
anderson.2025@gmx.de,dated,gmx.de,PORTAL,PASSWORD_RESET
fedcba@outlook.com,keyboard_walk,outlook.com,PORTAL,PWDLESS_LOGIN_EMAIL
george.nguyen+trial60@yahoo.com,plus_addressing_tags,yahoo.com,PORTAL,SIGNUP_EMAIL_VERIFY
user0.2025@yandex.com,sequential_dated,yandex.com,OWF,SIGNUP_EMAIL_VERIFY
info.97@outlook.com,variations,outlook.com,API,PASSWORD_RESET
anderson.2025@gmx.de,dated,gmx.de,API,PASSWORD_RESET
10_info@outlook.com,variations,outlook.com,OWF,PWDLESS_LOGIN_EMAIL
28nz9n1@icloud.com,gibberish_sequential,icloud.com,WEB,PASSWORD_RESET
user78.2025@icloud.com,sequential_dated,icloud.com,API,SIGNUP_EMAIL_VERIFY
ronald.nguyen30@hotmail.com,name_sequential,hotmail.com,API,SIGNUP_EMAIL_VERIFY
ronald.king32@hotmail.com,name_sequential,hotmail.com,MOBILE,SIGNUP_EMAIL_VERIFY
contact_k@agency.com,letter_sequential,agency.com,WEB,PWDLESS_LOGIN_EMAIL
yk99rv46r@firm.com,gibberish,firm.com,WEB,PASSWORD_RESET
95_info@outlook.com,variations,outlook.com,OWF,SIGNUP_EMAIL_VERIFY
wprrra94@corporation.com,gibberish_sequential,corporation.com,API,SIGNUP_EMAIL_VERIFY
temp89@protonmail.com,sequential,protonmail.com,API,SIGNUP_EMAIL_VERIFY
service+92@outlook.com,plus_addressing,outlook.com,API,PASSWORD_RESET
info_7@outlook.com,variations,outlook.com,API,PWDLESS_LOGIN_EMAIL
account001@mail.com,sequential_padded,mail.com,OWF,PWDLESS_LOGIN_EMAIL
ronald.walker11@hotmail.com,name_sequential,hotmail.com,MOBILE,PASSWORD_RESET
service+52@outlook.com,plus_addressing,outlook.com,MOBILE,PASSWORD_RESET
info.61@outlook.com,variations,outlook.com,PORTAL,PASSWORD_RESET
george.nguyen+signup10@yahoo.com,plus_addressing_tags,yahoo.com,WEB,PASSWORD_RESET
user54.2025@mail.com,sequential_dated,mail.com,OWF,SIGNUP_EMAIL_VERIFY
george.nguyen+signup92@yahoo.com,plus_addressing_tags,yahoo.com,MOBILE,PWDLESS_LOGIN_EMAIL
1w4yoh7@agency.com,gibberish_sequential,agency.com,OWF,PASSWORD_RESET
abcdef55@outlook.com,keyboard_walk,outlook.com,API,PASSWORD_RESET
ronald.miller60@hotmail.com,name_sequential,hotmail.com,MOBILE,PASSWORD_RESET
info57_test@outlook.com,variations,outlook.com,MOBILE,PWDLESS_LOGIN_EMAIL
service+48@outlook.com,plus_addressing,outlook.com,API,PASSWORD_RESET
contact_a@agency.com,letter_sequential,agency.com,WEB,PASSWORD_RESET
anderson.2025@gmx.de,dated,gmx.de,API,PASSWORD_RESET
george.nguyen+signup84@yahoo.com,plus_addressing_tags,yahoo.com,MOBILE,PASSWORD_RESET
i6mv1hsr@firm.com,gibberish,firm.com,API,PWDLESS_LOGIN_EMAIL
bdqntherik@firm.com,gibberish,firm.com,API,PWDLESS_LOGIN_EMAIL
account046@mail.com,sequential_padded,mail.com,WEB,PWDLESS_LOGIN_EMAIL
2025.charles@gmx.de,dated,gmx.de,OWF,SIGNUP_EMAIL_VERIFY
user57.2025@aol.com,sequential_dated,aol.com,PORTAL,PASSWORD_RESET
account029@mail.com,sequential_padded,mail.com,MOBILE,SIGNUP_EMAIL_VERIFY
temp67@protonmail.com,sequential,protonmail.com,API,PASSWORD_RESET
ronald.king91@hotmail.com,name_sequential,hotmail.com,WEB,SIGNUP_EMAIL_VERIFY
6vqe451ka@firm.com,gibberish,firm.com,API,PASSWORD_RESET
ronald.hill71@hotmail.com,name_sequential,hotmail.com,PORTAL,PWDLESS_LOGIN_EMAIL
account098@mail.com,sequential_padded,mail.com,API,SIGNUP_EMAIL_VERIFY
9_info@outlook.com,variations,outlook.com,PORTAL,SIGNUP_EMAIL_VERIFY
asdfgh@outlook.com,keyboard_walk,outlook.com,OWF,PWDLESS_LOGIN_EMAIL
asdfgh@outlook.com,keyboard_walk,outlook.com,MOBILE,PASSWORD_RESET
ronald.torres4@hotmail.com,name_sequential,hotmail.com,OWF,PASSWORD_RESET
ronald.miller9@hotmail.com,name_sequential,hotmail.com,MOBILE,PASSWORD_RESET
service+30@outlook.com,plus_addressing,outlook.com,PORTAL,PWDLESS_LOGIN_EMAIL
zxcvbn37@outlook.com,keyboard_walk,outlook.com,API,PWDLESS_LOGIN_EMAIL
account074@mail.com,sequential_padded,mail.com,WEB,PASSWORD_RESET
u4axx9vna6t@firm.com,gibberish,firm.com,PORTAL,PWDLESS_LOGIN_EMAIL
user30.2025@mail.com,sequential_dated,mail.com,PORTAL,SIGNUP_EMAIL_VERIFY
service+7@outlook.com,plus_addressing,outlook.com,API,PASSWORD_RESET
user42.2025@tech.com,sequential_dated,tech.com,WEB,SIGNUP_EMAIL_VERIFY
info_16@outlook.com,variations,outlook.com,API,PASSWORD_RESET
temp48@protonmail.com,sequential,protonmail.com,MOBILE,PWDLESS_LOGIN_EMAIL
george.nguyen+test1@yahoo.com,plus_addressing_tags,yahoo.com,WEB,PASSWORD_RESET
twq5t47lwd@firm.com,gibberish,firm.com,PORTAL,SIGNUP_EMAIL_VERIFY
service+58@outlook.com,plus_addressing,outlook.com,WEB,PASSWORD_RESET
wsxedc2025@tech.com,keyboard_dated,tech.com,OWF,SIGNUP_EMAIL_VERIFY
fedcba@outlook.com,keyboard_walk,outlook.com,API,SIGNUP_EMAIL_VERIFY
service+16@outlook.com,plus_addressing,outlook.com,WEB,PWDLESS_LOGIN_EMAIL
temp5@protonmail.com,sequential,protonmail.com,PORTAL,PASSWORD_RESET
account064@mail.com,sequential_padded,mail.com,OWF,PWDLESS_LOGIN_EMAIL
temp84@protonmail.com,sequential,protonmail.com,WEB,PWDLESS_LOGIN_EMAIL
service+18@outlook.com,plus_addressing,outlook.com,API,SIGNUP_EMAIL_VERIFY
2025.charles@gmx.de,dated,gmx.de,OWF,PASSWORD_RESET
2025.charles@gmx.de,dated,gmx.de,MOBILE,SIGNUP_EMAIL_VERIFY
account024@mail.com,sequential_padded,mail.com,MOBILE,PWDLESS_LOGIN_EMAIL
info.37@outlook.com,variations,outlook.com,API,PWDLESS_LOGIN_EMAIL
23456750@outlook.com,keyboard_walk,outlook.com,OWF,PASSWORD_RESET
ronald.lopez79@hotmail.com,name_sequential,hotmail.com,MOBILE,SIGNUP_EMAIL_VERIFY
service+86@outlook.com,plus_addressing,outlook.com,WEB,SIGNUP_EMAIL_VERIFY
service+21@outlook.com,plus_addressing,outlook.com,WEB,SIGNUP_EMAIL_VERIFY
eykqpo61@qq.com,gibberish_sequential,qq.com,WEB,PWDLESS_LOGIN_EMAIL
charles2025@gmx.de,dated,gmx.de,WEB,PWDLESS_LOGIN_EMAIL
service+19@outlook.com,plus_addressing,outlook.com,API,SIGNUP_EMAIL_VERIFY
service+39@outlook.com,plus_addressing,outlook.com,PORTAL,PWDLESS_LOGIN_EMAIL
george.nguyen+promo6@yahoo.com,plus_addressing_tags,yahoo.com,MOBILE,PWDLESS_LOGIN_EMAIL
ronald.young86@hotmail.com,name_sequential,hotmail.com,WEB,PWDLESS_LOGIN_EMAIL
george.nguyen+test58@yahoo.com,plus_addressing_tags,yahoo.com,WEB,SIGNUP_EMAIL_VERIFY
george.nguyen+trial61@yahoo.com,plus_addressing_tags,yahoo.com,PORTAL,PWDLESS_LOGIN_EMAIL
charles.anderson.2025@gmx.de,dated,gmx.de,PORTAL,PASSWORD_RESET
temp47@protonmail.com,sequential,protonmail.com,OWF,SIGNUP_EMAIL_VERIFY
fedcba2025@tech.com,keyboard_dated,tech.com,PORTAL,PASSWORD_RESET
info.12@outlook.com,variations,outlook.com,PORTAL,SIGNUP_EMAIL_VERIFY
service+67@outlook.com,plus_addressing,outlook.com,API,PASSWORD_RESET
george.nguyen+signup63@yahoo.com,plus_addressing_tags,yahoo.com,PORTAL,SIGNUP_EMAIL_VERIFY
2025.charles@gmx.de,dated,gmx.de,PORTAL,PASSWORD_RESET
12345694@outlook.com,keyboard_walk,outlook.com,API,PASSWORD_RESET
temp41@protonmail.com,sequential,protonmail.com,API,SIGNUP_EMAIL_VERIFY
it8ika97@gmx.com,gibberish_sequential,gmx.com,MOBILE,PASSWORD_RESET
account090@mail.com,sequential_padded,mail.com,API,PWDLESS_LOGIN_EMAIL
wsxedc2025@protonmail.com,keyboard_dated,protonmail.com,PORTAL,PASSWORD_RESET
ronald.johnson84@hotmail.com,name_sequential,hotmail.com,OWF,PWDLESS_LOGIN_EMAIL
temp80@protonmail.com,sequential,protonmail.com,API,PASSWORD_RESET
ronald.hill42@hotmail.com,name_sequential,hotmail.com,WEB,PASSWORD_RESET
fedcba@outlook.com,keyboard_walk,outlook.com,WEB,SIGNUP_EMAIL_VERIFY
info.25@outlook.com,variations,outlook.com,MOBILE,PASSWORD_RESET
temp20@protonmail.com,sequential,protonmail.com,MOBILE,SIGNUP_EMAIL_VERIFY
account013@mail.com,sequential_padded,mail.com,PORTAL,PWDLESS_LOGIN_EMAIL
george.nguyen+signup54@yahoo.com,plus_addressing_tags,yahoo.com,PORTAL,PASSWORD_RESET
ronald.wright94@hotmail.com,name_sequential,hotmail.com,WEB,PWDLESS_LOGIN_EMAIL
123456@outlook.com,keyboard_walk,outlook.com,MOBILE,PWDLESS_LOGIN_EMAIL
temp68@protonmail.com,sequential,protonmail.com,PORTAL,PASSWORD_RESET
account080@mail.com,sequential_padded,mail.com,WEB,PASSWORD_RESET
service+88@outlook.com,plus_addressing,outlook.com,PORTAL,SIGNUP_EMAIL_VERIFY
george.nguyen+spam74@yahoo.com,plus_addressing_tags,yahoo.com,PORTAL,PWDLESS_LOGIN_EMAIL
service+87@outlook.com,plus_addressing,outlook.com,API,PASSWORD_RESET
zrx74qhjhtccq@firm.com,gibberish,firm.com,WEB,PASSWORD_RESET
charles.2025@gmx.de,dated,gmx.de,OWF,PWDLESS_LOGIN_EMAIL
service+50@outlook.com,plus_addressing,outlook.com,WEB,SIGNUP_EMAIL_VERIFY
rfvtgb@outlook.com,keyboard_walk,outlook.com,WEB,PASSWORD_RESET
user63.2025@yahoo.com,sequential_dated,yahoo.com,WEB,SIGNUP_EMAIL_VERIFY
wsxedc2025@services.com,keyboard_dated,services.com,OWF,SIGNUP_EMAIL_VERIFY
ronald.torres72@hotmail.com,name_sequential,hotmail.com,WEB,SIGNUP_EMAIL_VERIFY
temp76@protonmail.com,sequential,protonmail.com,PORTAL,PWDLESS_LOGIN_EMAIL
f4he6rvc4a8@firm.com,gibberish,firm.com,PORTAL,PWDLESS_LOGIN_EMAIL
temp2@protonmail.com,sequential,protonmail.com,API,PASSWORD_RESET
qwerty2025@firm.com,keyboard_dated,firm.com,WEB,SIGNUP_EMAIL_VERIFY
info_81@outlook.com,variations,outlook.com,OWF,SIGNUP_EMAIL_VERIFY
ronald.martinez15@hotmail.com,name_sequential,hotmail.com,OWF,PASSWORD_RESET
31_info@outlook.com,variations,outlook.com,API,SIGNUP_EMAIL_VERIFY
george.nguyen+spam42@yahoo.com,plus_addressing_tags,yahoo.com,OWF,PWDLESS_LOGIN_EMAIL
ioyp8iwkeqpfz@firm.com,gibberish,firm.com,PORTAL,PASSWORD_RESET
user27.2025@protonmail.com,sequential_dated,protonmail.com,API,PWDLESS_LOGIN_EMAIL
ronald.jones25@hotmail.com,name_sequential,hotmail.com,API,PASSWORD_RESET
rq4lsibsoy90ok@firm.com,gibberish,firm.com,MOBILE,PWDLESS_LOGIN_EMAIL
service+45@outlook.com,plus_addressing,outlook.com,MOBILE,PWDLESS_LOGIN_EMAIL
service+38@outlook.com,plus_addressing,outlook.com,WEB,PWDLESS_LOGIN_EMAIL
l4l44rrnflp9@firm.com,gibberish,firm.com,OWF,SIGNUP_EMAIL_VERIFY
rfvtgb@outlook.com,keyboard_walk,outlook.com,WEB,SIGNUP_EMAIL_VERIFY
charles2025@gmx.de,dated,gmx.de,OWF,SIGNUP_EMAIL_VERIFY
charles_2025@gmx.de,dated,gmx.de,MOBILE,PASSWORD_RESET
info-55@outlook.com,variations,outlook.com,PORTAL,PWDLESS_LOGIN_EMAIL
account023@mail.com,sequential_padded,mail.com,WEB,PASSWORD_RESET
temp86@protonmail.com,sequential,protonmail.com,OWF,SIGNUP_EMAIL_VERIFY
user3.2025@web.de,sequential_dated,web.de,PORTAL,PWDLESS_LOGIN_EMAIL
qazwsx@outlook.com,keyboard_walk,outlook.com,PORTAL,PASSWORD_RESET
charles.anderson.2025@gmx.de,dated,gmx.de,WEB,SIGNUP_EMAIL_VERIFY
contact_r@agency.com,letter_sequential,agency.com,PORTAL,SIGNUP_EMAIL_VERIFY
ronald.wilson70@hotmail.com,name_sequential,hotmail.com,MOBILE,PWDLESS_LOGIN_EMAIL
ronald.walker85@hotmail.com,name_sequential,hotmail.com,WEB,PASSWORD_RESET
george.nguyen+temp86@yahoo.com,plus_addressing_tags,yahoo.com,MOBILE,PWDLESS_LOGIN_EMAIL
charles2025@gmx.de,dated,gmx.de,OWF,PASSWORD_RESET
george.nguyen+newsletter19@yahoo.com,plus_addressing_tags,yahoo.com,OWF,SIGNUP_EMAIL_VERIFY
ronald.flores2@hotmail.com,name_sequential,hotmail.com,WEB,PASSWORD_RESET
george.nguyen+trial90@yahoo.com,plus_addressing_tags,yahoo.com,OWF,PWDLESS_LOGIN_EMAIL
ronald.lee58@hotmail.com,name_sequential,hotmail.com,WEB,PASSWORD_RESET
wsxedc2025@web.de,keyboard_dated,web.de,WEB,PWDLESS_LOGIN_EMAIL
service+62@outlook.com,plus_addressing,outlook.com,PORTAL,PASSWORD_RESET
fedcba92@outlook.com,keyboard_walk,outlook.com,PORTAL,PWDLESS_LOGIN_EMAIL
temp52@protonmail.com,sequential,protonmail.com,OWF,PWDLESS_LOGIN_EMAIL
qazwsx@outlook.com,keyboard_walk,outlook.com,OWF,SIGNUP_EMAIL_VERIFY
ronald.allen88@hotmail.com,name_sequential,hotmail.com,OWF,PASSWORD_RESET
service+27@outlook.com,plus_addressing,outlook.com,PORTAL,PWDLESS_LOGIN_EMAIL
george.nguyen+test65@yahoo.com,plus_addressing_tags,yahoo.com,API,PWDLESS_LOGIN_EMAIL
temp73@protonmail.com,sequential,protonmail.com,PORTAL,PASSWORD_RESET
78_info@outlook.com,variations,outlook.com,WEB,SIGNUP_EMAIL_VERIFY
temp19@protonmail.com,sequential,protonmail.com,API,PASSWORD_RESET
info_23@outlook.com,variations,outlook.com,WEB,PWDLESS_LOGIN_EMAIL
ronald.white54@hotmail.com,name_sequential,hotmail.com,MOBILE,PASSWORD_RESET
user48.2025@startup.io,sequential_dated,startup.io,MOBILE,SIGNUP_EMAIL_VERIFY
charles2025@gmx.de,dated,gmx.de,WEB,PASSWORD_RESET
temp79@protonmail.com,sequential,protonmail.com,API,PWDLESS_LOGIN_EMAIL
george.nguyen+temp67@yahoo.com,plus_addressing_tags,yahoo.com,OWF,PASSWORD_RESET
rfvtgb@outlook.com,keyboard_walk,outlook.com,OWF,PWDLESS_LOGIN_EMAIL
ronald.perez74@hotmail.com,name_sequential,hotmail.com,OWF,PWDLESS_LOGIN_EMAIL
charles.2025@gmx.de,dated,gmx.de,PORTAL,SIGNUP_EMAIL_VERIFY
drea8e82@agency.com,gibberish_sequential,agency.com,OWF,PWDLESS_LOGIN_EMAIL
info27_test@outlook.com,variations,outlook.com,OWF,PASSWORD_RESET
account060@mail.com,sequential_padded,mail.com,WEB,PWDLESS_LOGIN_EMAIL
info.30@outlook.com,variations,outlook.com,MOBILE,PASSWORD_RESET
nbe16sfwl59k@firm.com,gibberish,firm.com,MOBILE,PASSWORD_RESET
3l27l5304xryjji@firm.com,gibberish,firm.com,MOBILE,PWDLESS_LOGIN_EMAIL
cou1hgmd@firm.com,gibberish,firm.com,PORTAL,PWDLESS_LOGIN_EMAIL
info_76@outlook.com,variations,outlook.com,OWF,SIGNUP_EMAIL_VERIFY
temp37@protonmail.com,sequential,protonmail.com,PORTAL,PASSWORD_RESET
george.nguyen+spam94@yahoo.com,plus_addressing_tags,yahoo.com,PORTAL,SIGNUP_EMAIL_VERIFY
account019@mail.com,sequential_padded,mail.com,WEB,PASSWORD_RESET
12345642@outlook.com,keyboard_walk,outlook.com,WEB,SIGNUP_EMAIL_VERIFY
ronald.hernandez44@hotmail.com,name_sequential,hotmail.com,MOBILE,SIGNUP_EMAIL_VERIFY
info.24@outlook.com,variations,outlook.com,WEB,PWDLESS_LOGIN_EMAIL
info6_test@outlook.com,variations,outlook.com,PORTAL,SIGNUP_EMAIL_VERIFY
george.nguyen+newsletter25@yahoo.com,plus_addressing_tags,yahoo.com,API,SIGNUP_EMAIL_VERIFY
george.nguyen+test81@yahoo.com,plus_addressing_tags,yahoo.com,WEB,SIGNUP_EMAIL_VERIFY
pfqvlabz@firm.com,gibberish,firm.com,OWF,PASSWORD_RESET
account076@mail.com,sequential_padded,mail.com,MOBILE,PWDLESS_LOGIN_EMAIL
zxcvbn@outlook.com,keyboard_walk,outlook.com,WEB,PWDLESS_LOGIN_EMAIL
info.47@outlook.com,variations,outlook.com,API,PASSWORD_RESET
xrxpwd3jqkyjd@firm.com,gibberish,firm.com,OWF,PASSWORD_RESET
lc90no7i2a3fu12@firm.com,gibberish,firm.com,API,SIGNUP_EMAIL_VERIFY
service+32@outlook.com,plus_addressing,outlook.com,WEB,PASSWORD_RESET
service+59@outlook.com,plus_addressing,outlook.com,API,SIGNUP_EMAIL_VERIFY
service+90@outlook.com,plus_addressing,outlook.com,WEB,PWDLESS_LOGIN_EMAIL
zhml36n9ot6qu@firm.com,gibberish,firm.com,PORTAL,PWDLESS_LOGIN_EMAIL
anderson.2025@gmx.de,dated,gmx.de,MOBILE,SIGNUP_EMAIL_VERIFY
zxcvbn@outlook.com,keyboard_walk,outlook.com,WEB,PASSWORD_RESET
temp100@protonmail.com,sequential,protonmail.com,PORTAL,PWDLESS_LOGIN_EMAIL
ronald.sanchez48@hotmail.com,name_sequential,hotmail.com,API,SIGNUP_EMAIL_VERIFY
temp58@protonmail.com,sequential,protonmail.com,OWF,PASSWORD_RESET
temp50@protonmail.com,sequential,protonmail.com,WEB,PWDLESS_LOGIN_EMAIL
account053@mail.com,sequential_padded,mail.com,WEB,PASSWORD_RESET
charles2025@gmx.de,dated,gmx.de,API,PASSWORD_RESET
account015@mail.com,sequential_padded,mail.com,WEB,PASSWORD_RESET
l4qsvn34@services.com,gibberish_sequential,services.com,API,SIGNUP_EMAIL_VERIFY
charles_2025@gmx.de,dated,gmx.de,MOBILE,PWDLESS_LOGIN_EMAIL
account068@mail.com,sequential_padded,mail.com,WEB,PWDLESS_LOGIN_EMAIL
19_info@outlook.com,variations,outlook.com,PORTAL,SIGNUP_EMAIL_VERIFY
george.nguyen+promo57@yahoo.com,plus_addressing_tags,yahoo.com,API,SIGNUP_EMAIL_VERIFY
info.91@outlook.com,variations,outlook.com,API,PASSWORD_RESET
charles.2025@gmx.de,dated,gmx.de,API,PASSWORD_RESET
ronald.king37@hotmail.com,name_sequential,hotmail.com,MOBILE,PWDLESS_LOGIN_EMAIL
george.nguyen+newsletter73@yahoo.com,plus_addressing_tags,yahoo.com,PORTAL,SIGNUP_EMAIL_VERIFY
service+63@outlook.com,plus_addressing,outlook.com,PORTAL,PASSWORD_RESET
wsxedc@outlook.com,keyboard_walk,outlook.com,WEB,PWDLESS_LOGIN_EMAIL
account006@mail.com,sequential_padded,mail.com,OWF,SIGNUP_EMAIL_VERIFY
service+98@outlook.com,plus_addressing,outlook.com,PORTAL,SIGNUP_EMAIL_VERIFY
ronald.davis38@hotmail.com,name_sequential,hotmail.com,API,PWDLESS_LOGIN_EMAIL
temp90@protonmail.com,sequential,protonmail.com,MOBILE,PASSWORD_RESET
info39_test@outlook.com,variations,outlook.com,MOBILE,PWDLESS_LOGIN_EMAIL
4tl6px28@outlook.com,gibberish_sequential,outlook.com,PORTAL,PWDLESS_LOGIN_EMAIL
george.nguyen+temp82@yahoo.com,plus_addressing_tags,yahoo.com,MOBILE,SIGNUP_EMAIL_VERIFY
rfvtgb2025@agency.com,keyboard_dated,agency.com,PORTAL,PWDLESS_LOGIN_EMAIL
anderson.2025@gmx.de,dated,gmx.de,WEB,PASSWORD_RESET
ronald.white64@hotmail.com,name_sequential,hotmail.com,PORTAL,SIGNUP_EMAIL_VERIFY
george.nguyen+temp52@yahoo.com,plus_addressing_tags,yahoo.com,OWF,PWDLESS_LOGIN_EMAIL
george.nguyen+temp91@yahoo.com,plus_addressing_tags,yahoo.com,OWF,SIGNUP_EMAIL_VERIFY
w8oyb279@corporation.com,gibberish_sequential,corporation.com,WEB,PASSWORD_RESET
account087@mail.com,sequential_padded,mail.com,OWF,PASSWORD_RESET
temp15@protonmail.com,sequential,protonmail.com,WEB,PWDLESS_LOGIN_EMAIL
charles.2025@gmx.de,dated,gmx.de,MOBILE,PASSWORD_RESET
service+81@outlook.com,plus_addressing,outlook.com,API,PASSWORD_RESET
george.nguyen+newsletter71@yahoo.com,plus_addressing_tags,yahoo.com,PORTAL,SIGNUP_EMAIL_VERIFY
rfvtgb@outlook.com,keyboard_walk,outlook.com,MOBILE,PWDLESS_LOGIN_EMAIL
service+94@outlook.com,plus_addressing,outlook.com,MOBILE,PWDLESS_LOGIN_EMAIL
account034@mail.com,sequential_padded,mail.com,OWF,PASSWORD_RESET
55jbe5vjzbf@firm.com,gibberish,firm.com,MOBILE,PWDLESS_LOGIN_EMAIL
zxcvbn49@outlook.com,keyboard_walk,outlook.com,MOBILE,SIGNUP_EMAIL_VERIFY
account003@mail.com,sequential_padded,mail.com,API,PASSWORD_RESET
8ny75q31@gmail.com,gibberish_sequential,gmail.com,PORTAL,PASSWORD_RESET
service+3@outlook.com,plus_addressing,outlook.com,API,SIGNUP_EMAIL_VERIFY
account043@mail.com,sequential_padded,mail.com,MOBILE,SIGNUP_EMAIL_VERIFY
ronald.johnson73@hotmail.com,name_sequential,hotmail.com,PORTAL,PWDLESS_LOGIN_EMAIL
abcdef@outlook.com,keyboard_walk,outlook.com,MOBILE,SIGNUP_EMAIL_VERIFY
service+55@outlook.com,plus_addressing,outlook.com,MOBILE,PASSWORD_RESET
account038@mail.com,sequential_padded,mail.com,API,SIGNUP_EMAIL_VERIFY
wsxedc2025@startup.io,keyboard_dated,startup.io,MOBILE,PASSWORD_RESET
charles2025@gmx.de,dated,gmx.de,WEB,SIGNUP_EMAIL_VERIFY
charles2025@gmx.de,dated,gmx.de,OWF,PASSWORD_RESET
anderson.2025@gmx.de,dated,gmx.de,API,PASSWORD_RESET
zxcvbn@outlook.com,keyboard_walk,outlook.com,PORTAL,PASSWORD_RESET
account010@mail.com,sequential_padded,mail.com,MOBILE,PASSWORD_RESET
1234562025@icloud.com,keyboard_dated,icloud.com,WEB,PWDLESS_LOGIN_EMAIL
temp57@protonmail.com,sequential,protonmail.com,OWF,PWDLESS_LOGIN_EMAIL
george.nguyen+temp88@yahoo.com,plus_addressing_tags,yahoo.com,PORTAL,PWDLESS_LOGIN_EMAIL
ckrl2w67@hotmail.com,gibberish_sequential,hotmail.com,API,PASSWORD_RESET
temp83@protonmail.com,sequential,protonmail.com,WEB,SIGNUP_EMAIL_VERIFY
asdfgh@outlook.com,keyboard_walk,outlook.com,OWF,PWDLESS_LOGIN_EMAIL
george.nguyen+promo2@yahoo.com,plus_addressing_tags,yahoo.com,MOBILE,PASSWORD_RESET
george.nguyen+test39@yahoo.com,plus_addressing_tags,yahoo.com,OWF,SIGNUP_EMAIL_VERIFY
qazwsx@outlook.com,keyboard_walk,outlook.com,WEB,PASSWORD_RESET
info.64@outlook.com,variations,outlook.com,MOBILE,PASSWORD_RESET
ronald.allen49@hotmail.com,name_sequential,hotmail.com,OWF,SIGNUP_EMAIL_VERIFY
36_info@outlook.com,variations,outlook.com,MOBILE,PASSWORD_RESET
info_42@outlook.com,variations,outlook.com,MOBILE,PWDLESS_LOGIN_EMAIL
charles.anderson.2025@gmx.de,dated,gmx.de,WEB,PWDLESS_LOGIN_EMAIL
info.44@outlook.com,variations,outlook.com,MOBILE,PASSWORD_RESET
exfu5n88@hotmail.com,gibberish_sequential,hotmail.com,WEB,PASSWORD_RESET
service+84@outlook.com,plus_addressing,outlook.com,PORTAL,PASSWORD_RESET
abcdef89@outlook.com,keyboard_walk,outlook.com,MOBILE,SIGNUP_EMAIL_VERIFY
94_info@outlook.com,variations,outlook.com,WEB,PASSWORD_RESET
charles.2025@gmx.de,dated,gmx.de,MOBILE,PWDLESS_LOGIN_EMAIL
user18.2025@corporation.com,sequential_dated,corporation.com,MOBILE,PWDLESS_LOGIN_EMAIL
asdfgh24@outlook.com,keyboard_walk,outlook.com,API,PASSWORD_RESET
8cr1kthxuc50@firm.com,gibberish,firm.com,WEB,PWDLESS_LOGIN_EMAIL
account051@mail.com,sequential_padded,mail.com,WEB,PWDLESS_LOGIN_EMAIL
sxucmdwodiet@firm.com,gibberish,firm.com,PORTAL,PASSWORD_RESET
info-32@outlook.com,variations,outlook.com,WEB,PWDLESS_LOGIN_EMAIL
temp30@protonmail.com,sequential,protonmail.com,API,PWDLESS_LOGIN_EMAIL
account009@mail.com,sequential_padded,mail.com,OWF,PASSWORD_RESET
temp6@protonmail.com,sequential,protonmail.com,OWF,PASSWORD_RESET
contact_i@agency.com,letter_sequential,agency.com,OWF,PWDLESS_LOGIN_EMAIL
ronald.jones20@hotmail.com,name_sequential,hotmail.com,API,PWDLESS_LOGIN_EMAIL
temp34@protonmail.com,sequential,protonmail.com,OWF,PASSWORD_RESET
anderson.2025@gmx.de,dated,gmx.de,PORTAL,PWDLESS_LOGIN_EMAIL
zljgs0pidt7w@firm.com,gibberish,firm.com,API,PWDLESS_LOGIN_EMAIL
account067@mail.com,sequential_padded,mail.com,MOBILE,PWDLESS_LOGIN_EMAIL
george.nguyen+signup77@yahoo.com,plus_addressing_tags,yahoo.com,MOBILE,PASSWORD_RESET
3slxk6of6d2w@firm.com,gibberish,firm.com,API,PWDLESS_LOGIN_EMAIL
rfvtgb2025@aol.com,keyboard_dated,aol.com,OWF,PASSWORD_RESET
ronald.lopez97@hotmail.com,name_sequential,hotmail.com,API,PWDLESS_LOGIN_EMAIL
2025.charles@gmx.de,dated,gmx.de,API,SIGNUP_EMAIL_VERIFY
george.nguyen+promo55@yahoo.com,plus_addressing_tags,yahoo.com,MOBILE,PASSWORD_RESET
temp18@protonmail.com,sequential,protonmail.com,OWF,PASSWORD_RESET
68_info@outlook.com,variations,outlook.com,PORTAL,PASSWORD_RESET
234567@outlook.com,keyboard_walk,outlook.com,API,SIGNUP_EMAIL_VERIFY
fedcba@outlook.com,keyboard_walk,outlook.com,WEB,SIGNUP_EMAIL_VERIFY
12345685@outlook.com,keyboard_walk,outlook.com,API,PASSWORD_RESET
account070@mail.com,sequential_padded,mail.com,MOBILE,SIGNUP_EMAIL_VERIFY
temp75@protonmail.com,sequential,protonmail.com,OWF,SIGNUP_EMAIL_VERIFY
fedcba@outlook.com,keyboard_walk,outlook.com,WEB,SIGNUP_EMAIL_VERIFY
ronald.wilson92@hotmail.com,name_sequential,hotmail.com,WEB,PWDLESS_LOGIN_EMAIL
service+29@outlook.com,plus_addressing,outlook.com,WEB,SIGNUP_EMAIL_VERIFY
d6smmhu8t3gt@firm.com,gibberish,firm.com,MOBILE,SIGNUP_EMAIL_VERIFY
ronald.johnson65@hotmail.com,name_sequential,hotmail.com,OWF,PWDLESS_LOGIN_EMAIL
user87.2025@outlook.com,sequential_dated,outlook.com,API,PWDLESS_LOGIN_EMAIL
ronald.davis34@hotmail.com,name_sequential,hotmail.com,PORTAL,PWDLESS_LOGIN_EMAIL
account050@mail.com,sequential_padded,mail.com,MOBILE,SIGNUP_EMAIL_VERIFY
service+66@outlook.com,plus_addressing,outlook.com,PORTAL,PASSWORD_RESET
c4nzmzg760d@firm.com,gibberish,firm.com,OWF,PWDLESS_LOGIN_EMAIL
contact_w@agency.com,letter_sequential,agency.com,PORTAL,PASSWORD_RESET
31pc6u58@yandex.com,gibberish_sequential,yandex.com,WEB,SIGNUP_EMAIL_VERIFY
732csu40@aol.com,gibberish_sequential,aol.com,API,PWDLESS_LOGIN_EMAIL
account073@mail.com,sequential_padded,mail.com,PORTAL,PASSWORD_RESET
ronald.martinez31@hotmail.com,name_sequential,hotmail.com,API,PASSWORD_RESET
asdfgh2025@yandex.com,keyboard_dated,yandex.com,WEB,PWDLESS_LOGIN_EMAIL
info.99@outlook.com,variations,outlook.com,MOBILE,PWDLESS_LOGIN_EMAIL
e401kt25@company.com,gibberish_sequential,company.com,API,PASSWORD_RESET
23456733@outlook.com,keyboard_walk,outlook.com,WEB,PASSWORD_RESET
1_info@outlook.com,variations,outlook.com,WEB,SIGNUP_EMAIL_VERIFY
info.65@outlook.com,variations,outlook.com,PORTAL,PWDLESS_LOGIN_EMAIL
service+26@outlook.com,plus_addressing,outlook.com,PORTAL,PASSWORD_RESET
george.nguyen+signup96@yahoo.com,plus_addressing_tags,yahoo.com,OWF,SIGNUP_EMAIL_VERIFY
service+89@outlook.com,plus_addressing,outlook.com,PORTAL,PWDLESS_LOGIN_EMAIL
3456782025@web.de,keyboard_dated,web.de,WEB,PWDLESS_LOGIN_EMAIL
george.nguyen+test36@yahoo.com,plus_addressing_tags,yahoo.com,OWF,PASSWORD_RESET
account002@mail.com,sequential_padded,mail.com,API,SIGNUP_EMAIL_VERIFY
temp63@protonmail.com,sequential,protonmail.com,MOBILE,PASSWORD_RESET
account044@mail.com,sequential_padded,mail.com,PORTAL,PWDLESS_LOGIN_EMAIL
service+51@outlook.com,plus_addressing,outlook.com,WEB,SIGNUP_EMAIL_VERIFY
temp60@protonmail.com,sequential,protonmail.com,PORTAL,PWDLESS_LOGIN_EMAIL
info-48@outlook.com,variations,outlook.com,PORTAL,PWDLESS_LOGIN_EMAIL
anderson.2025@gmx.de,dated,gmx.de,MOBILE,PWDLESS_LOGIN_EMAIL
ronald.rodriguez1@hotmail.com,name_sequential,hotmail.com,OWF,PASSWORD_RESET
info.74@outlook.com,variations,outlook.com,MOBILE,SIGNUP_EMAIL_VERIFY
account083@mail.com,sequential_padded,mail.com,MOBILE,PASSWORD_RESET
temp55@protonmail.com,sequential,protonmail.com,MOBILE,SIGNUP_EMAIL_VERIFY
ronald.allen52@hotmail.com,name_sequential,hotmail.com,PORTAL,PWDLESS_LOGIN_EMAIL
2025.charles@gmx.de,dated,gmx.de,API,PWDLESS_LOGIN_EMAIL
ronald.rodriguez40@hotmail.com,name_sequential,hotmail.com,OWF,SIGNUP_EMAIL_VERIFY
fedcba20@outlook.com,keyboard_walk,outlook.com,WEB,PASSWORD_RESET
contact_u@agency.com,letter_sequential,agency.com,MOBILE,PASSWORD_RESET
ronald.williams53@hotmail.com,name_sequential,hotmail.com,OWF,PWDLESS_LOGIN_EMAIL
account040@mail.com,sequential_padded,mail.com,MOBILE,SIGNUP_EMAIL_VERIFY
rfvtgb2@outlook.com,keyboard_walk,outlook.com,API,PWDLESS_LOGIN_EMAIL
5rqmgm37@hotmail.com,gibberish_sequential,hotmail.com,API,PWDLESS_LOGIN_EMAIL
jywalqd3@firm.com,gibberish,firm.com,MOBILE,PWDLESS_LOGIN_EMAIL
service+11@outlook.com,plus_addressing,outlook.com,OWF,SIGNUP_EMAIL_VERIFY
charles.2025@gmx.de,dated,gmx.de,OWF,SIGNUP_EMAIL_VERIFY
q6v92j6p89y@firm.com,gibberish,firm.com,WEB,SIGNUP_EMAIL_VERIFY
2025.charles@gmx.de,dated,gmx.de,WEB,PASSWORD_RESET
info_38@outlook.com,variations,outlook.com,PORTAL,PASSWORD_RESET
fedcba@outlook.com,keyboard_walk,outlook.com,WEB,PASSWORD_RESET
yj71mkjoys@firm.com,gibberish,firm.com,WEB,PWDLESS_LOGIN_EMAIL
service+91@outlook.com,plus_addressing,outlook.com,API,PASSWORD_RESET
charles2025@gmx.de,dated,gmx.de,MOBILE,PWDLESS_LOGIN_EMAIL
user12.2025@qq.com,sequential_dated,qq.com,PORTAL,PWDLESS_LOGIN_EMAIL
charles_2025@gmx.de,dated,gmx.de,OWF,SIGNUP_EMAIL_VERIFY
abcdef@outlook.com,keyboard_walk,outlook.com,PORTAL,PASSWORD_RESET
info-63@outlook.com,variations,outlook.com,API,SIGNUP_EMAIL_VERIFY
5j1w9u10@services.com,gibberish_sequential,services.com,WEB,PASSWORD_RESET
sf6zrn2dtubz@firm.com,gibberish,firm.com,PORTAL,PWDLESS_LOGIN_EMAIL
contact_d@agency.com,letter_sequential,agency.com,OWF,PASSWORD_RESET
s4oibu0lea1p@firm.com,gibberish,firm.com,MOBILE,SIGNUP_EMAIL_VERIFY
1234562025@company.com,keyboard_dated,company.com,MOBILE,PASSWORD_RESET
account099@mail.com,sequential_padded,mail.com,PORTAL,PWDLESS_LOGIN_EMAIL
user33.2025@qq.com,sequential_dated,qq.com,OWF,PWDLESS_LOGIN_EMAIL
ronald.king100@hotmail.com,name_sequential,hotmail.com,API,SIGNUP_EMAIL_VERIFY
george.nguyen+temp27@yahoo.com,plus_addressing_tags,yahoo.com,API,SIGNUP_EMAIL_VERIFY
ronald.torres90@hotmail.com,name_sequential,hotmail.com,API,PWDLESS_LOGIN_EMAIL
info_33@outlook.com,variations,outlook.com,PORTAL,PASSWORD_RESET
george.nguyen+promo62@yahoo.com,plus_addressing_tags,yahoo.com,OWF,PWDLESS_LOGIN_EMAIL
yye2arefdu@firm.com,gibberish,firm.com,PORTAL,SIGNUP_EMAIL_VERIFY
charles_2025@gmx.de,dated,gmx.de,API,SIGNUP_EMAIL_VERIFY
george.nguyen+trial83@yahoo.com,plus_addressing_tags,yahoo.com,WEB,SIGNUP_EMAIL_VERIFY
info82_test@outlook.com,variations,outlook.com,MOBILE,SIGNUP_EMAIL_VERIFY
account094@mail.com,sequential_padded,mail.com,API,PWDLESS_LOGIN_EMAIL
qazwsx2025@gmx.de,keyboard_dated,gmx.de,WEB,PASSWORD_RESET
service+49@outlook.com,plus_addressing,outlook.com,PORTAL,PASSWORD_RESET
ronald.allen93@hotmail.com,name_sequential,hotmail.com,WEB,PASSWORD_RESET
account084@mail.com,sequential_padded,mail.com,API,PWDLESS_LOGIN_EMAIL
service+34@outlook.com,plus_addressing,outlook.com,OWF,SIGNUP_EMAIL_VERIFY
ronald.wright76@hotmail.com,name_sequential,hotmail.com,WEB,PASSWORD_RESET
contact_h@agency.com,letter_sequential,agency.com,API,PWDLESS_LOGIN_EMAIL
rfvtgb2025@aol.com,keyboard_dated,aol.com,OWF,PWDLESS_LOGIN_EMAIL
ysvtlqp4@firm.com,gibberish,firm.com,API,PASSWORD_RESET
charles.anderson.2025@gmx.de,dated,gmx.de,WEB,PWDLESS_LOGIN_EMAIL
temp71@protonmail.com,sequential,protonmail.com,WEB,PWDLESS_LOGIN_EMAIL
account075@mail.com,sequential_padded,mail.com,PORTAL,SIGNUP_EMAIL_VERIFY
account091@mail.com,sequential_padded,mail.com,API,PASSWORD_RESET
service+53@outlook.com,plus_addressing,outlook.com,MOBILE,PWDLESS_LOGIN_EMAIL
temp64@protonmail.com,sequential,protonmail.com,MOBILE,PWDLESS_LOGIN_EMAIL
26v1zsutknk6qac@firm.com,gibberish,firm.com,MOBILE,PASSWORD_RESET
charles.2025@gmx.de,dated,gmx.de,API,PASSWORD_RESET
service+93@outlook.com,plus_addressing,outlook.com,WEB,SIGNUP_EMAIL_VERIFY
user9.2025@agency.com,sequential_dated,agency.com,OWF,SIGNUP_EMAIL_VERIFY
2pq1z3qp4pq@firm.com,gibberish,firm.com,PORTAL,SIGNUP_EMAIL_VERIFY
service+5@outlook.com,plus_addressing,outlook.com,WEB,SIGNUP_EMAIL_VERIFY
l3mc0213@protonmail.com,gibberish_sequential,protonmail.com,OWF,SIGNUP_EMAIL_VERIFY
service+76@outlook.com,plus_addressing,outlook.com,API,PWDLESS_LOGIN_EMAIL
service+20@outlook.com,plus_addressing,outlook.com,API,PASSWORD_RESET
account011@mail.com,sequential_padded,mail.com,PORTAL,SIGNUP_EMAIL_VERIFY
service+1@outlook.com,plus_addressing,outlook.com,OWF,PWDLESS_LOGIN_EMAIL
fedcba59@outlook.com,keyboard_walk,outlook.com,API,PASSWORD_RESET
ronald.clark87@hotmail.com,name_sequential,hotmail.com,OWF,PWDLESS_LOGIN_EMAIL
bz19grow@firm.com,gibberish,firm.com,MOBILE,SIGNUP_EMAIL_VERIFY
zxcvbn2025@firm.com,keyboard_dated,firm.com,WEB,PASSWORD_RESET
asdfgh2025@corporation.com,keyboard_dated,corporation.com,MOBILE,PWDLESS_LOGIN_EMAIL
service+78@outlook.com,plus_addressing,outlook.com,PORTAL,PWDLESS_LOGIN_EMAIL
qr0mbzsh8nyjp@firm.com,gibberish,firm.com,PORTAL,PWDLESS_LOGIN_EMAIL
abcdef34@outlook.com,keyboard_walk,outlook.com,API,SIGNUP_EMAIL_VERIFY
7ll226lzg@firm.com,gibberish,firm.com,MOBILE,SIGNUP_EMAIL_VERIFY
temp29@protonmail.com,sequential,protonmail.com,WEB,PASSWORD_RESET
account020@mail.com,sequential_padded,mail.com,API,SIGNUP_EMAIL_VERIFY
123456@outlook.com,keyboard_walk,outlook.com,WEB,SIGNUP_EMAIL_VERIFY
temp95@protonmail.com,sequential,protonmail.com,OWF,PWDLESS_LOGIN_EMAIL
ronald.white24@hotmail.com,name_sequential,hotmail.com,PORTAL,PASSWORD_RESET
ronald.allen6@hotmail.com,name_sequential,hotmail.com,MOBILE,PASSWORD_RESET
service+23@outlook.com,plus_addressing,outlook.com,WEB,PWDLESS_LOGIN_EMAIL
george.nguyen+newsletter97@yahoo.com,plus_addressing_tags,yahoo.com,API,PASSWORD_RESET
fedcba31@outlook.com,keyboard_walk,outlook.com,MOBILE,PASSWORD_RESET
account054@mail.com,sequential_padded,mail.com,API,PWDLESS_LOGIN_EMAIL
anderson.2025@gmx.de,dated,gmx.de,MOBILE,PASSWORD_RESET
info-60@outlook.com,variations,outlook.com,API,SIGNUP_EMAIL_VERIFY
account012@mail.com,sequential_padded,mail.com,PORTAL,PASSWORD_RESET
charles_2025@gmx.de,dated,gmx.de,PORTAL,PWDLESS_LOGIN_EMAIL
info-26@outlook.com,variations,outlook.com,API,PASSWORD_RESET
user99.2025@outlook.com,sequential_dated,outlook.com,API,SIGNUP_EMAIL_VERIFY
info_21@outlook.com,variations,outlook.com,WEB,PASSWORD_RESET
account037@mail.com,sequential_padded,mail.com,MOBILE,SIGNUP_EMAIL_VERIFY
service+22@outlook.com,plus_addressing,outlook.com,MOBILE,PWDLESS_LOGIN_EMAIL
user66.2025@gmx.com,sequential_dated,gmx.com,API,PWDLESS_LOGIN_EMAIL
info-96@outlook.com,variations,outlook.com,API,SIGNUP_EMAIL_VERIFY
2025.charles@gmx.de,dated,gmx.de,MOBILE,SIGNUP_EMAIL_VERIFY
345678@outlook.com,keyboard_walk,outlook.com,PORTAL,PASSWORD_RESET
charles_2025@gmx.de,dated,gmx.de,OWF,PWDLESS_LOGIN_EMAIL
ronald.clark67@hotmail.com,name_sequential,hotmail.com,PORTAL,PWDLESS_LOGIN_EMAIL
charles_2025@gmx.de,dated,gmx.de,MOBILE,SIGNUP_EMAIL_VERIFY
avepue49@business.com,gibberish_sequential,business.com,API,PWDLESS_LOGIN_EMAIL
wsxedc44@outlook.com,keyboard_walk,outlook.com,MOBILE,PASSWORD_RESET
ronald.white14@hotmail.com,name_sequential,hotmail.com,PORTAL,PASSWORD_RESET
service+60@outlook.com,plus_addressing,outlook.com,WEB,SIGNUP_EMAIL_VERIFY
account096@mail.com,sequential_padded,mail.com,OWF,PWDLESS_LOGIN_EMAIL
account071@mail.com,sequential_padded,mail.com,PORTAL,PWDLESS_LOGIN_EMAIL
contact_g@agency.com,letter_sequential,agency.com,API,PASSWORD_RESET
info41_test@outlook.com,variations,outlook.com,WEB,PASSWORD_RESET
charles.2025@gmx.de,dated,gmx.de,WEB,SIGNUP_EMAIL_VERIFY
service+96@outlook.com,plus_addressing,outlook.com,MOBILE,PWDLESS_LOGIN_EMAIL
anderson.2025@gmx.de,dated,gmx.de,MOBILE,PASSWORD_RESET
p2z7muyu6k0@firm.com,gibberish,firm.com,OWF,SIGNUP_EMAIL_VERIFY
7h1pek20u@firm.com,gibberish,firm.com,WEB,PWDLESS_LOGIN_EMAIL
charles.2025@gmx.de,dated,gmx.de,PORTAL,PASSWORD_RESET
george.nguyen+spam43@yahoo.com,plus_addressing_tags,yahoo.com,API,PWDLESS_LOGIN_EMAIL
zimn6wlwu4ao8@firm.com,gibberish,firm.com,WEB,SIGNUP_EMAIL_VERIFY
charles2025@gmx.de,dated,gmx.de,API,SIGNUP_EMAIL_VERIFY
temp23@protonmail.com,sequential,protonmail.com,API,SIGNUP_EMAIL_VERIFY
ronald.thompson61@hotmail.com,name_sequential,hotmail.com,API,PASSWORD_RESET
rphm4o73@business.com,gibberish_sequential,business.com,WEB,PASSWORD_RESET
0x8m1o9x@firm.com,gibberish,firm.com,OWF,PWDLESS_LOGIN_EMAIL
user45.2025@qq.com,sequential_dated,qq.com,WEB,PWDLESS_LOGIN_EMAIL
george.nguyen+newsletter75@yahoo.com,plus_addressing_tags,yahoo.com,WEB,PASSWORD_RESET
asdfgh28@outlook.com,keyboard_walk,outlook.com,OWF,SIGNUP_EMAIL_VERIFY
3trl6z8q8@firm.com,gibberish,firm.com,API,SIGNUP_EMAIL_VERIFY
345678@outlook.com,keyboard_walk,outlook.com,OWF,SIGNUP_EMAIL_VERIFY
054785214ahxp5@firm.com,gibberish,firm.com,WEB,PASSWORD_RESET
temp88@protonmail.com,sequential,protonmail.com,API,PASSWORD_RESET
fedcba2025@yahoo.com,keyboard_dated,yahoo.com,PORTAL,PASSWORD_RESET
23g5pm89nd@firm.com,gibberish,firm.com,PORTAL,SIGNUP_EMAIL_VERIFY
service+47@outlook.com,plus_addressing,outlook.com,WEB,PASSWORD_RESET
2025.charles@gmx.de,dated,gmx.de,MOBILE,PWDLESS_LOGIN_EMAIL
info98_test@outlook.com,variations,outlook.com,API,SIGNUP_EMAIL_VERIFY
service+37@outlook.com,plus_addressing,outlook.com,OWF,SIGNUP_EMAIL_VERIFY
charles.2025@gmx.de,dated,gmx.de,MOBILE,PWDLESS_LOGIN_EMAIL
account031@mail.com,sequential_padded,mail.com,PORTAL,PASSWORD_RESET
service+74@outlook.com,plus_addressing,outlook.com,WEB,SIGNUP_EMAIL_VERIFY
temp35@protonmail.com,sequential,protonmail.com,MOBILE,SIGNUP_EMAIL_VERIFY
account079@mail.com,sequential_padded,mail.com,OWF,PASSWORD_RESET
info.88@outlook.com,variations,outlook.com,API,PWDLESS_LOGIN_EMAIL
345678@outlook.com,keyboard_walk,outlook.com,MOBILE,PWDLESS_LOGIN_EMAIL
temp66@protonmail.com,sequential,protonmail.com,MOBILE,PWDLESS_LOGIN_EMAIL
george.nguyen+spam41@yahoo.com,plus_addressing_tags,yahoo.com,API,SIGNUP_EMAIL_VERIFY
asdfgh@outlook.com,keyboard_walk,outlook.com,PORTAL,PWDLESS_LOGIN_EMAIL
58_info@outlook.com,variations,outlook.com,API,PASSWORD_RESET
service+44@outlook.com,plus_addressing,outlook.com,PORTAL,SIGNUP_EMAIL_VERIFY
42667y22@business.com,gibberish_sequential,business.com,OWF,SIGNUP_EMAIL_VERIFY
info50_test@outlook.com,variations,outlook.com,PORTAL,PASSWORD_RESET
contact_n@agency.com,letter_sequential,agency.com,OWF,PWDLESS_LOGIN_EMAIL
contact_t@agency.com,letter_sequential,agency.com,PORTAL,PWDLESS_LOGIN_EMAIL
charles.2025@gmx.de,dated,gmx.de,PORTAL,SIGNUP_EMAIL_VERIFY
ronald.moore47@hotmail.com,name_sequential,hotmail.com,MOBILE,PWDLESS_LOGIN_EMAIL
george.nguyen+trial93@yahoo.com,plus_addressing_tags,yahoo.com,API,PWDLESS_LOGIN_EMAIL
account086@mail.com,sequential_padded,mail.com,API,PWDLESS_LOGIN_EMAIL
9o4tr3y2uii6ws@firm.com,gibberish,firm.com,MOBILE,SIGNUP_EMAIL_VERIFY
35_info@outlook.com,variations,outlook.com,PORTAL,PASSWORD_RESET
mbnazckw85qsik@firm.com,gibberish,firm.com,MOBILE,SIGNUP_EMAIL_VERIFY
charles2025@gmx.de,dated,gmx.de,WEB,PASSWORD_RESET
zxcvbn@outlook.com,keyboard_walk,outlook.com,OWF,PWDLESS_LOGIN_EMAIL
temp32@protonmail.com,sequential,protonmail.com,API,PWDLESS_LOGIN_EMAIL
service+64@outlook.com,plus_addressing,outlook.com,PORTAL,SIGNUP_EMAIL_VERIFY
george.nguyen+promo53@yahoo.com,plus_addressing_tags,yahoo.com,API,PWDLESS_LOGIN_EMAIL
qazwsx67@outlook.com,keyboard_walk,outlook.com,API,PASSWORD_RESET
info_62@outlook.com,variations,outlook.com,API,SIGNUP_EMAIL_VERIFY
george.nguyen+spam79@yahoo.com,plus_addressing_tags,yahoo.com,MOBILE,PASSWORD_RESET
account035@mail.com,sequential_padded,mail.com,OWF,PWDLESS_LOGIN_EMAIL
temp49@protonmail.com,sequential,protonmail.com,OWF,PASSWORD_RESET
george.nguyen+signup37@yahoo.com,plus_addressing_tags,yahoo.com,MOBILE,PASSWORD_RESET
account027@mail.com,sequential_padded,mail.com,PORTAL,PWDLESS_LOGIN_EMAIL
6xm5i9e8n4v4@firm.com,gibberish,firm.com,API,SIGNUP_EMAIL_VERIFY
zxcvbn33@outlook.com,keyboard_walk,outlook.com,MOBILE,PWDLESS_LOGIN_EMAIL
contact_j@agency.com,letter_sequential,agency.com,WEB,SIGNUP_EMAIL_VERIFY
account077@mail.com,sequential_padded,mail.com,WEB,PWDLESS_LOGIN_EMAIL
2025.charles@gmx.de,dated,gmx.de,WEB,PWDLESS_LOGIN_EMAIL
qwerty@outlook.com,keyboard_walk,outlook.com,WEB,PWDLESS_LOGIN_EMAIL
george.nguyen+trial34@yahoo.com,plus_addressing_tags,yahoo.com,API,PASSWORD_RESET
service+57@outlook.com,plus_addressing,outlook.com,WEB,SIGNUP_EMAIL_VERIFY
temp56@protonmail.com,sequential,protonmail.com,WEB,SIGNUP_EMAIL_VERIFY
temp91@protonmail.com,sequential,protonmail.com,PORTAL,SIGNUP_EMAIL_VERIFY
temp10@protonmail.com,sequential,protonmail.com,WEB,SIGNUP_EMAIL_VERIFY
service+10@outlook.com,plus_addressing,outlook.com,OWF,SIGNUP_EMAIL_VERIFY
2025.charles@gmx.de,dated,gmx.de,API,PASSWORD_RESET
ronald.scott62@hotmail.com,name_sequential,hotmail.com,PORTAL,PWDLESS_LOGIN_EMAIL
george.nguyen+newsletter24@yahoo.com,plus_addressing_tags,yahoo.com,WEB,SIGNUP_EMAIL_VERIFY
asdfgh41@outlook.com,keyboard_walk,outlook.com,MOBILE,PWDLESS_LOGIN_EMAIL
george.nguyen+temp87@yahoo.com,plus_addressing_tags,yahoo.com,API,PASSWORD_RESET
george.nguyen+test47@yahoo.com,plus_addressing_tags,yahoo.com,MOBILE,SIGNUP_EMAIL_VERIFY
info-100@outlook.com,variations,outlook.com,WEB,SIGNUP_EMAIL_VERIFY
fedcba@outlook.com,keyboard_walk,outlook.com,WEB,PWDLESS_LOGIN_EMAIL
zxcvbn2025@tech.com,keyboard_dated,tech.com,OWF,PASSWORD_RESET
i3ltoiqre6wnl@firm.com,gibberish,firm.com,OWF,SIGNUP_EMAIL_VERIFY
52_info@outlook.com,variations,outlook.com,PORTAL,PASSWORD_RESET
wsxedc@outlook.com,keyboard_walk,outlook.com,MOBILE,PASSWORD_RESET
charles2025@gmx.de,dated,gmx.de,MOBILE,PASSWORD_RESET
service+97@outlook.com,plus_addressing,outlook.com,MOBILE,SIGNUP_EMAIL_VERIFY
account022@mail.com,sequential_padded,mail.com,MOBILE,PWDLESS_LOGIN_EMAIL
george.nguyen+test46@yahoo.com,plus_addressing_tags,yahoo.com,PORTAL,SIGNUP_EMAIL_VERIFY
user39.2025@outlook.com,sequential_dated,outlook.com,OWF,PWDLESS_LOGIN_EMAIL
george.nguyen+test40@yahoo.com,plus_addressing_tags,yahoo.com,PORTAL,PWDLESS_LOGIN_EMAIL
george.nguyen+temp76@yahoo.com,plus_addressing_tags,yahoo.com,OWF,PWDLESS_LOGIN_EMAIL
account016@mail.com,sequential_padded,mail.com,MOBILE,SIGNUP_EMAIL_VERIFY
account014@mail.com,sequential_padded,mail.com,PORTAL,PASSWORD_RESET
george.nguyen+spam33@yahoo.com,plus_addressing_tags,yahoo.com,PORTAL,PWDLESS_LOGIN_EMAIL
le7de4jaqiyk7r@firm.com,gibberish,firm.com,MOBILE,PWDLESS_LOGIN_EMAIL
service+65@outlook.com,plus_addressing,outlook.com,OWF,PASSWORD_RESET
tfn73z1k1z6tsk@firm.com,gibberish,firm.com,WEB,SIGNUP_EMAIL_VERIFY
temp85@protonmail.com,sequential,protonmail.com,PORTAL,PASSWORD_RESET
tprbts7cslsy@firm.com,gibberish,firm.com,API,PASSWORD_RESET
service+41@outlook.com,plus_addressing,outlook.com,API,PWDLESS_LOGIN_EMAIL
ronald.scott82@hotmail.com,name_sequential,hotmail.com,API,PWDLESS_LOGIN_EMAIL
service+17@outlook.com,plus_addressing,outlook.com,API,PASSWORD_RESET
service+73@outlook.com,plus_addressing,outlook.com,OWF,PWDLESS_LOGIN_EMAIL
31ir8gnws@firm.com,gibberish,firm.com,WEB,SIGNUP_EMAIL_VERIFY
info.56@outlook.com,variations,outlook.com,MOBILE,PWDLESS_LOGIN_EMAIL
info_79@outlook.com,variations,outlook.com,PORTAL,PWDLESS_LOGIN_EMAIL
temp61@protonmail.com,sequential,protonmail.com,PORTAL,PASSWORD_RESET
contact_m@agency.com,letter_sequential,agency.com,MOBILE,SIGNUP_EMAIL_VERIFY
ronald.robinson75@hotmail.com,name_sequential,hotmail.com,MOBILE,PASSWORD_RESET
ronald.thomas28@hotmail.com,name_sequential,hotmail.com,OWF,PWDLESS_LOGIN_EMAIL
abcdef97@outlook.com,keyboard_walk,outlook.com,OWF,SIGNUP_EMAIL_VERIFY
rfvtgb@outlook.com,keyboard_walk,outlook.com,MOBILE,PWDLESS_LOGIN_EMAIL
account095@mail.com,sequential_padded,mail.com,API,SIGNUP_EMAIL_VERIFY
charles_2025@gmx.de,dated,gmx.de,API,PWDLESS_LOGIN_EMAIL
account049@mail.com,sequential_padded,mail.com,OWF,PWDLESS_LOGIN_EMAIL
temp40@protonmail.com,sequential,protonmail.com,MOBILE,SIGNUP_EMAIL_VERIFY
account039@mail.com,sequential_padded,mail.com,PORTAL,SIGNUP_EMAIL_VERIFY
charles.2025@gmx.de,dated,gmx.de,WEB,PWDLESS_LOGIN_EMAIL
temp94@protonmail.com,sequential,protonmail.com,MOBILE,PASSWORD_RESET
ronald.wright55@hotmail.com,name_sequential,hotmail.com,API,SIGNUP_EMAIL_VERIFY
temp7@protonmail.com,sequential,protonmail.com,API,PWDLESS_LOGIN_EMAIL
ronald.martin3@hotmail.com,name_sequential,hotmail.com,PORTAL,SIGNUP_EMAIL_VERIFY
george.nguyen+test18@yahoo.com,plus_addressing_tags,yahoo.com,PORTAL,PWDLESS_LOGIN_EMAIL
asdfgh46@outlook.com,keyboard_walk,outlook.com,API,PASSWORD_RESET
ronald.garcia50@hotmail.com,name_sequential,hotmail.com,WEB,PASSWORD_RESET
george.nguyen+test38@yahoo.com,plus_addressing_tags,yahoo.com,MOBILE,SIGNUP_EMAIL_VERIFY
user69.2025@enterprise.com,sequential_dated,enterprise.com,WEB,PWDLESS_LOGIN_EMAIL
info.90@outlook.com,variations,outlook.com,WEB,PASSWORD_RESET
ronald.king46@hotmail.com,name_sequential,hotmail.com,MOBILE,SIGNUP_EMAIL_VERIFY
rfvtgb59@outlook.com,keyboard_walk,outlook.com,MOBILE,PWDLESS_LOGIN_EMAIL
ronald.wright81@hotmail.com,name_sequential,hotmail.com,API,PASSWORD_RESET
george.nguyen+trial51@yahoo.com,plus_addressing_tags,yahoo.com,PORTAL,PASSWORD_RESET
temp65@protonmail.com,sequential,protonmail.com,WEB,PWDLESS_LOGIN_EMAIL
qwerty@outlook.com,keyboard_walk,outlook.com,WEB,PWDLESS_LOGIN_EMAIL
temp14@protonmail.com,sequential,protonmail.com,MOBILE,PWDLESS_LOGIN_EMAIL
asdfgh51@outlook.com,keyboard_walk,outlook.com,OWF,SIGNUP_EMAIL_VERIFY
temp26@protonmail.com,sequential,protonmail.com,API,PASSWORD_RESET
info_93@outlook.com,variations,outlook.com,OWF,PASSWORD_RESET
service+9@outlook.com,plus_addressing,outlook.com,MOBILE,PWDLESS_LOGIN_EMAIL
george.nguyen+spam7@yahoo.com,plus_addressing_tags,yahoo.com,OWF,PASSWORD_RESET
v3m3ww19@tech.com,gibberish_sequential,tech.com,API,SIGNUP_EMAIL_VERIFY
zxcvbn2025@gmx.com,keyboard_dated,gmx.com,API,PWDLESS_LOGIN_EMAIL
account078@mail.com,sequential_padded,mail.com,PORTAL,SIGNUP_EMAIL_VERIFY
contact_v@agency.com,letter_sequential,agency.com,API,PWDLESS_LOGIN_EMAIL
george.nguyen+newsletter50@yahoo.com,plus_addressing_tags,yahoo.com,API,PWDLESS_LOGIN_EMAIL
info72_test@outlook.com,variations,outlook.com,OWF,PASSWORD_RESET
ronald.young33@hotmail.com,name_sequential,hotmail.com,OWF,SIGNUP_EMAIL_VERIFY
charles2025@gmx.de,dated,gmx.de,WEB,PASSWORD_RESET
qwerty80@outlook.com,keyboard_walk,outlook.com,API,PASSWORD_RESET
account089@mail.com,sequential_padded,mail.com,WEB,SIGNUP_EMAIL_VERIFY
kplv5h65p45v6xn@firm.com,gibberish,firm.com,OWF,PASSWORD_RESET
5gf1qxa1jy@firm.com,gibberish,firm.com,API,PWDLESS_LOGIN_EMAIL
contact_e@agency.com,letter_sequential,agency.com,PORTAL,PWDLESS_LOGIN_EMAIL
9vte58o8zsgzc@firm.com,gibberish,firm.com,API,PASSWORD_RESET
temp87@protonmail.com,sequential,protonmail.com,OWF,PASSWORD_RESET
service+4@outlook.com,plus_addressing,outlook.com,MOBILE,SIGNUP_EMAIL_VERIFY
info.86@outlook.com,variations,outlook.com,WEB,PWDLESS_LOGIN_EMAIL
jwmuy907v9g3@firm.com,gibberish,firm.com,WEB,SIGNUP_EMAIL_VERIFY
s2fdxx52@hotmail.com,gibberish_sequential,hotmail.com,OWF,PWDLESS_LOGIN_EMAIL
user72.2025@mail.com,sequential_dated,mail.com,MOBILE,PWDLESS_LOGIN_EMAIL
contact_z@agency.com,letter_sequential,agency.com,OWF,SIGNUP_EMAIL_VERIFY
info-17@outlook.com,variations,outlook.com,WEB,PASSWORD_RESET
temp22@protonmail.com,sequential,protonmail.com,OWF,SIGNUP_EMAIL_VERIFY
account088@mail.com,sequential_padded,mail.com,API,PWDLESS_LOGIN_EMAIL
george.nguyen+promo99@yahoo.com,plus_addressing_tags,yahoo.com,API,PASSWORD_RESET
temp13@protonmail.com,sequential,protonmail.com,MOBILE,PASSWORD_RESET
charles.2025@gmx.de,dated,gmx.de,PORTAL,SIGNUP_EMAIL_VERIFY
wsxedc36@outlook.com,keyboard_walk,outlook.com,MOBILE,PASSWORD_RESET
service+82@outlook.com,plus_addressing,outlook.com,API,SIGNUP_EMAIL_VERIFY
user36.2025@enterprise.com,sequential_dated,enterprise.com,PORTAL,PASSWORD_RESET
george.nguyen+trial80@yahoo.com,plus_addressing_tags,yahoo.com,API,SIGNUP_EMAIL_VERIFY
temp97@protonmail.com,sequential,protonmail.com,MOBILE,SIGNUP_EMAIL_VERIFY
info_67@outlook.com,variations,outlook.com,WEB,PASSWORD_RESET
temp70@protonmail.com,sequential,protonmail.com,OWF,SIGNUP_EMAIL_VERIFY
3456782025@hotmail.com,keyboard_dated,hotmail.com,OWF,PWDLESS_LOGIN_EMAIL
temp78@protonmail.com,sequential,protonmail.com,OWF,PWDLESS_LOGIN_EMAIL
account056@mail.com,sequential_padded,mail.com,PORTAL,PASSWORD_RESET
contact_b@agency.com,letter_sequential,agency.com,WEB,PWDLESS_LOGIN_EMAIL
temp62@protonmail.com,sequential,protonmail.com,PORTAL,PWDLESS_LOGIN_EMAIL
ronald.clark16@hotmail.com,name_sequential,hotmail.com,MOBILE,PWDLESS_LOGIN_EMAIL
jb7841ra26p9gar@firm.com,gibberish,firm.com,OWF,PASSWORD_RESET
user90.2025@163.com,sequential_dated,163.com,MOBILE,SIGNUP_EMAIL_VERIFY
account097@mail.com,sequential_padded,mail.com,API,SIGNUP_EMAIL_VERIFY
service+61@outlook.com,plus_addressing,outlook.com,MOBILE,SIGNUP_EMAIL_VERIFY
charles2025@gmx.de,dated,gmx.de,WEB,PWDLESS_LOGIN_EMAIL
ronald.lee8@hotmail.com,name_sequential,hotmail.com,WEB,PASSWORD_RESET
qazwsx37@outlook.com,keyboard_walk,outlook.com,OWF,PWDLESS_LOGIN_EMAIL
60mtq770@business.com,gibberish_sequential,business.com,WEB,SIGNUP_EMAIL_VERIFY
account017@mail.com,sequential_padded,mail.com,WEB,SIGNUP_EMAIL_VERIFY
charles.2025@gmx.de,dated,gmx.de,WEB,SIGNUP_EMAIL_VERIFY
george.nguyen+signup14@yahoo.com,plus_addressing_tags,yahoo.com,MOBILE,SIGNUP_EMAIL_VERIFY
asdfgh79@outlook.com,keyboard_walk,outlook.com,OWF,PASSWORD_RESET
george.nguyen+trial4@yahoo.com,plus_addressing_tags,yahoo.com,MOBILE,SIGNUP_EMAIL_VERIFY
ronald.gonzalez36@hotmail.com,name_sequential,hotmail.com,MOBILE,PWDLESS_LOGIN_EMAIL
temp38@protonmail.com,sequential,protonmail.com,OWF,PASSWORD_RESET
abcdef2025@hotmail.com,keyboard_dated,hotmail.com,OWF,SIGNUP_EMAIL_VERIFY
george.nguyen+newsletter17@yahoo.com,plus_addressing_tags,yahoo.com,WEB,PWDLESS_LOGIN_EMAIL
account028@mail.com,sequential_padded,mail.com,PORTAL,SIGNUP_EMAIL_VERIFY
george.nguyen+signup85@yahoo.com,plus_addressing_tags,yahoo.com,MOBILE,PASSWORD_RESET
ronald.taylor78@hotmail.com,name_sequential,hotmail.com,WEB,SIGNUP_EMAIL_VERIFY
ronald.gonzalez12@hotmail.com,name_sequential,hotmail.com,WEB,PASSWORD_RESET
account045@mail.com,sequential_padded,mail.com,OWF,SIGNUP_EMAIL_VERIFY
77vp14vkt7db@firm.com,gibberish,firm.com,PORTAL,PASSWORD_RESET
info_3@outlook.com,variations,outlook.com,WEB,PASSWORD_RESET
service+15@outlook.com,plus_addressing,outlook.com,OWF,PWDLESS_LOGIN_EMAIL
3456782025@mail.com,keyboard_dated,mail.com,PORTAL,PWDLESS_LOGIN_EMAIL
2025.charles@gmx.de,dated,gmx.de,OWF,PASSWORD_RESET
ronald.sanchez7@hotmail.com,name_sequential,hotmail.com,API,PASSWORD_RESET
temp53@protonmail.com,sequential,protonmail.com,OWF,PASSWORD_RESET
george.nguyen+test15@yahoo.com,plus_addressing_tags,yahoo.com,MOBILE,PASSWORD_RESET
zxcvbn10@outlook.com,keyboard_walk,outlook.com,PORTAL,SIGNUP_EMAIL_VERIFY
29_info@outlook.com,variations,outlook.com,API,PWDLESS_LOGIN_EMAIL
service+8@outlook.com,plus_addressing,outlook.com,WEB,SIGNUP_EMAIL_VERIFY
service+100@outlook.com,plus_addressing,outlook.com,OWF,PASSWORD_RESET
anderson.2025@gmx.de,dated,gmx.de,MOBILE,PASSWORD_RESET
ronald.ramirez18@hotmail.com,name_sequential,hotmail.com,PORTAL,PWDLESS_LOGIN_EMAIL
temp28@protonmail.com,sequential,protonmail.com,API,PWDLESS_LOGIN_EMAIL
service+69@outlook.com,plus_addressing,outlook.com,PORTAL,PWDLESS_LOGIN_EMAIL
service+24@outlook.com,plus_addressing,outlook.com,OWF,PASSWORD_RESET
anderson.2025@gmx.de,dated,gmx.de,MOBILE,PASSWORD_RESET
abcdef2025@tech.com,keyboard_dated,tech.com,WEB,PASSWORD_RESET
service+42@outlook.com,plus_addressing,outlook.com,API,PASSWORD_RESET
charles2025@gmx.de,dated,gmx.de,PORTAL,SIGNUP_EMAIL_VERIFY
ronald.garcia89@hotmail.com,name_sequential,hotmail.com,API,PWDLESS_LOGIN_EMAIL
george.nguyen+newsletter72@yahoo.com,plus_addressing_tags,yahoo.com,WEB,SIGNUP_EMAIL_VERIFY
account033@mail.com,sequential_padded,mail.com,OWF,PWDLESS_LOGIN_EMAIL
zcgf1o16@business.com,gibberish_sequential,business.com,MOBILE,PWDLESS_LOGIN_EMAIL
user60.2025@yahoo.com,sequential_dated,yahoo.com,PORTAL,SIGNUP_EMAIL_VERIFY
info.75@outlook.com,variations,outlook.com,PORTAL,PWDLESS_LOGIN_EMAIL
34567828@outlook.com,keyboard_walk,outlook.com,PORTAL,PWDLESS_LOGIN_EMAIL
account047@mail.com,sequential_padded,mail.com,API,PWDLESS_LOGIN_EMAIL
account069@mail.com,sequential_padded,mail.com,API,PWDLESS_LOGIN_EMAIL
0tjzpimn7ej5e@firm.com,gibberish,firm.com,MOBILE,PWDLESS_LOGIN_EMAIL
temp17@protonmail.com,sequential,protonmail.com,API,PWDLESS_LOGIN_EMAIL
charles.anderson.2025@gmx.de,dated,gmx.de,WEB,PWDLESS_LOGIN_EMAIL
ronald.hill45@hotmail.com,name_sequential,hotmail.com,MOBILE,SIGNUP_EMAIL_VERIFY
user96.2025@enterprise.com,sequential_dated,enterprise.com,OWF,PWDLESS_LOGIN_EMAIL
temp1@protonmail.com,sequential,protonmail.com,WEB,PASSWORD_RESET
user51.2025@aol.com,sequential_dated,aol.com,PORTAL,PWDLESS_LOGIN_EMAIL
account004@mail.com,sequential_padded,mail.com,PORTAL,PASSWORD_RESET
2025.charles@gmx.de,dated,gmx.de,MOBILE,PWDLESS_LOGIN_EMAIL
george.nguyen+promo45@yahoo.com,plus_addressing_tags,yahoo.com,WEB,PWDLESS_LOGIN_EMAIL
service+35@outlook.com,plus_addressing,outlook.com,WEB,SIGNUP_EMAIL_VERIFY
12345657@outlook.com,keyboard_walk,outlook.com,MOBILE,PWDLESS_LOGIN_EMAIL
temp74@protonmail.com,sequential,protonmail.com,OWF,PWDLESS_LOGIN_EMAIL
service+70@outlook.com,plus_addressing,outlook.com,WEB,SIGNUP_EMAIL_VERIFY
rfvtgb@outlook.com,keyboard_walk,outlook.com,PORTAL,SIGNUP_EMAIL_VERIFY
6pe5lifm9yc@firm.com,gibberish,firm.com,OWF,PASSWORD_RESET
account063@mail.com,sequential_padded,mail.com,PORTAL,SIGNUP_EMAIL_VERIFY
contact_y@agency.com,letter_sequential,agency.com,API,SIGNUP_EMAIL_VERIFY
account052@mail.com,sequential_padded,mail.com,WEB,PWDLESS_LOGIN_EMAIL
charles.2025@gmx.de,dated,gmx.de,MOBILE,PASSWORD_RESET
anderson.2025@gmx.de,dated,gmx.de,OWF,SIGNUP_EMAIL_VERIFY
ronald.hernandez43@hotmail.com,name_sequential,hotmail.com,API,SIGNUP_EMAIL_VERIFY
temp98@protonmail.com,sequential,protonmail.com,WEB,PWDLESS_LOGIN_EMAIL
info18_test@outlook.com,variations,outlook.com,OWF,PASSWORD_RESET
george.nguyen+promo98@yahoo.com,plus_addressing_tags,yahoo.com,PORTAL,PWDLESS_LOGIN_EMAIL
account100@mail.com,sequential_padded,mail.com,OWF,PWDLESS_LOGIN_EMAIL
anderson.2025@gmx.de,dated,gmx.de,OWF,PWDLESS_LOGIN_EMAIL
info.13@outlook.com,variations,outlook.com,PORTAL,PWDLESS_LOGIN_EMAIL
contact_f@agency.com,letter_sequential,agency.com,API,PASSWORD_RESET
temp27@protonmail.com,sequential,protonmail.com,API,PWDLESS_LOGIN_EMAIL